rank,prev_rank,rider,team,points,manager
1,1,POGAČAR Tadej,UAE Team Emirates - XRG,3715,Joe
2,6,EVENEPOEL Remco,Red Bull - BORA - hansgrohe,2986,Andy
3,2,DEL TORO Isaac,UAE Team Emirates - XRG,2640,Dave
4,99,SEIXAS Paul,Decathlon CMA CGM Team,2211,Mike
5,20,PHILIPSEN Jasper,Alpecin - Premier Tech,1955,Tim
6,3,VINGEGAARD Jonas,Team Visma | Lease a Bike,1871,Nick
7,7,PIDCOCK Thomas,Pinarello Q36.5 Pro Cycling Team,1636,Cameron
8,58,JOHANNESSEN Tobias Halland,Uno-X Mobility,1512,
9,8,VAN DER POEL Mathieu,Alpecin - Premier Tech,1494,Mike
10,18,VAN AERT Wout,Team Visma | Lease a Bike,1493,Campbell
11,50,CARAPAZ Richard,EF Education - EasyPost,1452,Mike
12,65,SCHMID Mauro,Team Jayco AlUla,1413,
13,27,GALL Felix,Decathlon CMA CGM Team,1404,Dave
14,31,MARTINEZ Lenny,Bahrain - Victorious,1359,Dave
15,14,SCARONI Christian,XDS Astana Team,1299,Campbell
16,29,SKJELMOSE Mattias,Lidl - Trek,1256,Mike
17,62,PELLIZZARI Giulio,Red Bull - BORA - hansgrohe,1210,Campbell
18,11,MAGNIER Paul,Soudal Quick-Step,1198,Mike
19,23,LIPOWITZ Florian,Red Bull - BORA - hansgrohe,1169,Campbell
20,234,COSNEFROY Benoît,UAE Team Emirates - XRG,1103,
21,276,PITHIE Laurence,Red Bull - BORA - hansgrohe,1093,
22,5,PEDERSEN Mads,Lidl - Trek,1079,Tim
23,28,GRÉGOIRE Romain,Groupama - FDJ United,1073,Andy
24,40,ANDRESEN Tobias Lund,Decathlon CMA CGM Team,1069,
25,30,BRENNAN Matthew,Team Visma | Lease a Bike,1017,Andy
26,55,ARANBURU Alex,Cofidis,1012,
27,17,MERLIER Tim,Soudal Quick-Step,986,Tim
28,13,CICCONE Giulio,Lidl - Trek,969,Dave
29,26,JORGENSON Matteo,Team Visma | Lease a Bike,932,Cameron
30,12,AYUSO Juan,Lidl - Trek,917,Nick
31,15,MCNULTY Brandon,UAE Team Emirates - XRG,914,Andy
32,83,PIGANZOLI Davide,Team Visma | Lease a Bike,911,
33,103,SILVA Guillermo Thomas,XDS Astana Team,902,
34,35,GANNA Filippo,Netcompany INEOS,883,Cameron
35,24,KOOIJ Olav,Decathlon CMA CGM Team,875,Tim
36,42,MEEUS Jordi,Red Bull - BORA - hansgrohe,871,
37,74,MAS Enric,Movistar Team,850,
38,177,BERCKMOES Jenno,Lotto Intermarché,848,
39,224,IZAGIRRE Ion,Cofidis,844,
40,32,ROGLIČ Primož,Red Bull - BORA - hansgrohe,835,Cameron
41,105,KUSS Sepp,Team Visma | Lease a Bike,826,
42,101,GROENEWEGEN Dylan,Unibet Rose Rockets,825,
43,49,CHRISTEN Jan,UAE Team Emirates - XRG,770,Tim
44,34,ARENSMAN Thymen,Netcompany INEOS,770,Cameron
45,19,MILAN Jonathan,Lidl - Trek,769,Campbell
46,66,GODON Dorian,Netcompany INEOS,762,
47,138,RONDEL Mathys,Tudor Pro Cycling Team,750,
48,229,TESFATSION Natnael,Movistar Team,732,
49,111,SIMMONS Quinn,Lidl - Trek,731,
50,78,TIBERI Antonio,Bahrain - Victorious,720,
51,159,STUYVEN Jasper,Soudal Quick-Step,716,
52,16,VAUQUELIN Kévin,Netcompany INEOS,715,Dave
53,61,HINDLEY Jai,Red Bull - BORA - hansgrohe,713,Tim
54,44,WÆRENSKJOLD Søren,Uno-X Mobility,710,
55,272,FANCELLU Alessandro,MBH Bank CSB Telecom Fort,707,
56,95,TEJADA Harold,XDS Astana Team,705,
57,60,BUITRAGO Santiago,Bahrain - Victorious,694,
58,41,GIRMAY Biniam,NSN Cycling Team,689,Dave
59,9,ONLEY Oscar,Netcompany INEOS,684,Cameron
60,240,LAPORTE Christophe,Team Visma | Lease a Bike,682,
61,328,BRENNER Marco,Tudor Pro Cycling Team,675,
62,251,BAUDIN Alex,EF Education - EasyPost,675,
63,262,ARRIETA Igor,UAE Team Emirates - XRG,653,
64,73,FRETIN Milan,Cofidis,649,
65,46,BERNAL Egan,Netcompany INEOS,634,
66,87,RICCITELLO Matthew,Decathlon CMA CGM Team,634,
67,51,KUBIŠ Lukáš,Unibet Rose Rockets,627,
68,113,LAPEIRA Paul,Decathlon CMA CGM Team,623,
69,143,VENTURINI Clément,Unibet Rose Rockets,622,
70,75,KANTER Max,XDS Astana Team,615,
71,59,GEE Derek,Lidl - Trek,610,Mike
72,117,ROMEO Iván,Movistar Team,596,
73,187,LEKNESSUND Andreas,Uno-X Mobility,592,
74,181,VAN EETVELT Lennert,Lotto Intermarché,590,
75,102,ASKEY Lewis,NSN Cycling Team,590,
76,112,VERMEERSCH Florian,UAE Team Emirates - XRG,589,
77,127,VACEK Mathias,Lidl - Trek,584,
78,89,MORGADO António,UAE Team Emirates - XRG,583,
79,43,YATES Adam,UAE Team Emirates - XRG,579,Andy
80,77,JEGAT Jordan,TotalEnergies,572,
81,107,PLAPP Luke,Team Jayco AlUla,565,
82,250,ZANA Filippo,Soudal Quick-Step,562,
83,323,OMRZEL Jakob,Bahrain - Victorious,550,
84,25,STORER Michael,Tudor Pro Cycling Team,547,Campbell
85,45,MATTHEWS Michael,Team Jayco AlUla,544,
86,108,TEUNISSEN Mike,XDS Astana Team,542,
87,47,BILBAO Pello,Bahrain - Victorious,536,
88,67,TULETT Ben,Team Visma | Lease a Bike,529,Gemini's Hipsters
89,167,RODRÍGUEZ Cristián,XDS Astana Team,528,
90,140,COQUARD Bryan,Cofidis,527,
91,70,WELLENS Tim,UAE Team Emirates - XRG,521,
92,200,SEGAERT Alec,Bahrain - Victorious,518,
93,284,BISIAUX Léo,Decathlon CMA CGM Team,512,Gemini's Hipsters
94,121,FISHER-BLACK Finn,Red Bull - BORA - hansgrohe,508,
95,175,PARET-PEINTRE Valentin,Soudal Quick-Step,505,
96,92,DELETTRE Alexandre,TotalEnergies,498,
97,53,BITTNER Pavel,Team Picnic PostNL,497,
98,305,VLASOV Aleksandr,Red Bull - BORA - hansgrohe,494,
99,152,VERNON Ethan,NSN Cycling Team,492,
100,214,VENDRAME Andrea,Team Jayco AlUla,491,
101,634,BERWICK Sebastian,Caja Rural - Seguros RGA,490,
102,163,HERMANS Quinten,Pinarello Q36.5 Pro Cycling Team,489,
103,86,MULUBRHAN Henok,XDS Astana Team,487,
104,212,NORDHAGEN Jørgen,Team Visma | Lease a Bike,486,Gemini's Hipsters
105,282,EULÁLIO Afonso,Bahrain - Victorious,473,
106,36,STRONG Corbin,NSN Cycling Team,469,Tim
107,408,CRESCIOLI Ludovico,Team Polti VisitMalta,465,
108,194,BARRENETXEA Jon,Movistar Team,463,
109,189,TURGIS Anthony,TotalEnergies,450,
110,10,DE LIE Arnaud,Lotto Intermarché,449,Mike
111,123,BARRÉ Louis,Team Visma | Lease a Bike,447,
112,179,FEDOROV Yevgeniy,XDS Astana Team,445,
113,318,CHARMIG Anthon,Uno-X Mobility,442,
114,185,PLUIMERS Rick,Tudor Pro Cycling Team,440,
115,246,VOISARD Yannis,Tudor Pro Cycling Team,438,
116,468,AUGUST Andrew,Netcompany INEOS,437,Gemini's Hipsters
117,82,MARTIN Guillaume,Groupama - FDJ United,435,
118,285,FOLDAGER Anders,Team Jayco AlUla,434,
119,110,TRENTIN Matteo,Tudor Pro Cycling Team,428,
120,174,SHEEHAN Riley,NSN Cycling Team,428,
121,136,GRUEL Thibaud,Groupama - FDJ United,426,
122,502,HAGENES Per Strand,Team Visma | Lease a Bike,423,
123,430,VINOKUROV Nicolas,XDS Astana Team,423,
124,132,LAURANCE Axel,Netcompany INEOS,422,
125,203,FAGÚNDEZ Eric Antonio,Burgos Burpellet BH,420,
126,249,MOZZATO Luca,Tudor Pro Cycling Team,420,
127,33,NARVÁEZ Jhonatan,UAE Team Emirates - XRG,413,Nick
128,489,MARTÍNEZ Daniel Felipe,Red Bull - BORA - hansgrohe,409,
129,217,SÖDERQVIST Jakob,Lidl - Trek,407,Joe
130,320,PINARELLO Alessandro,NSN Cycling Team,405,
131,128,LONARDI Giovanni,Team Polti VisitMalta,403,
132,437,VAN DIJKE Tim,Red Bull - BORA - hansgrohe,402,
133,69,O'CONNOR Ben,Team Jayco AlUla,400,Nick
134,230,DE SCHUYTENEER Steffen,Lotto Intermarché,399,
135,779,ISIDORE Noa,Decathlon CMA CGM Team,395,
136,109,MOSCHETTI Matteo,Pinarello Q36.5 Pro Cycling Team,386,Andy
137,0,POZZOVIVO Domenico,Solution Tech NIPPO Rali,386,
138,141,RENARD Alexis,Cofidis,385,
139,536,WALSCHEID Max,Lidl - Trek,384,
140,209,GUERIN Alexis,Anicolor / Campicarn,383,
141,202,COSTIOU Ewen,Groupama - FDJ United,380,
142,122,ANIOŁKOWSKI Stanisław,Cofidis,380,
143,280,VERCHER Mattéo,TotalEnergies,380,
144,80,MALUCELLI Matteo,XDS Astana Team,379,
145,478,VALGREN Michael,EF Education - EasyPost,375,
146,235,RAJOVIĆ Dušan,Solution Tech NIPPO Rali,374,
147,420,DE GENDT Aimé,Pinarello Q36.5 Pro Cycling Team,373,
148,397,RACCAGNI NOVIERO Andrea,Soudal Quick-Step,372,
149,1110,TUCKWELL Luke,Red Bull - BORA - hansgrohe,370,
150,64,CHAMPOUSSIN Clément,XDS Astana Team,370,
151,90,ULISSI Diego,XDS Astana Team,368,
152,252,ZIMMERMANN Georg,Lotto Intermarché,368,
153,233,GARCÍA PIERNA Raúl,Movistar Team,366,
154,1528,GRISEL Matys,Lotto Intermarché,364,
155,936,KRON Andreas,Uno-X Mobility,363,
156,279,VERMAERKE Kevin,UAE Team Emirates - XRG,363,
157,344,LEMMEN Bart,Team Visma | Lease a Bike,363,
158,487,POLITT Nils,UAE Team Emirates - XRG,362,
159,517,RUIZ Ibon,Equipo Kern Pharma,360,
160,834,KAMP Alexander,Uno-X Mobility,360,
161,822,BIESTERBOS Frits,Team Picnic PostNL,349,
162,530,DEBRUYNE Ramses,Alpecin - Premier Tech,349,
163,405,LUTSENKO Alexey,NSN Cycling Team,347,
164,544,MARIAULT Axel,CIC Pro Cycling Academy,346,
165,21,VINE Jay,UAE Team Emirates - XRG,344,Nick
166,620,ROMELE Alessandro,XDS Astana Team,341,
167,326,CASTELLON Jan,Caja Rural - Seguros RGA,341,
168,281,GAUTHERAT Pierre,Decathlon CMA CGM Team,339,
169,84,UIJTDEBROEKS Cian,Movistar Team,339,Andy
170,207,MIQUEL Pau,Bahrain - Victorious,338,
171,499,STEINHAUSER Georg,EF Education - EasyPost,338,
172,733,SOSA Iván Ramiro,Equipo Kern Pharma,337,
173,261,BERRADE Urko,Equipo Kern Pharma,336,
174,135,PENHOËT Paul,Groupama - FDJ United,336,
175,404,DE KLEIJN Arvid,Tudor Pro Cycling Team,336,
176,514,DONALDSON Robert,Team Jayco AlUla,334,
177,1111,HIRT Jan,NSN Cycling Team,334,
178,204,HIGUITA Sergio,XDS Astana Team,333,
179,173,VAN GILS Maxim,Red Bull - BORA - hansgrohe,333,
180,120,CORT Magnus,Uno-X Mobility,332,
181,438,HUENS Axel,Groupama - FDJ United,331,
182,594,BELOKI Markel,EF Education - EasyPost,329,
183,382,BERASATEGI Xabier,Euskaltel - Euskadi,327,
184,491,TESSON Jason,TotalEnergies,326,
185,260,LAMPERTI Luke,EF Education - EasyPost,324,Gemini's Hipsters
186,198,TEUTENBERG Tim Torn,Lidl - Trek,322,
187,134,BERTHET Clément,Groupama - FDJ United,320,
188,611,HOBBS Noah,EF Education - EasyPost,319,
189,124,GROßSCHARTNER Felix,UAE Team Emirates - XRG,318,
190,1183,OLIVER Ben,Modern Adventure Pro Cycling,317,
191,22,HEALY Ben,EF Education - EasyPost,317,Cameron
192,731,L'HOTE Antoine,Decathlon CMA CGM Team,316,
193,37,JEANNIÈRE Emilien,TotalEnergies,313,Dave
194,341,FOSS Tobias,Netcompany INEOS,313,
195,119,CANAL Carlos,Movistar Team,311,
196,340,LOOCKX Lander,Unibet Rose Rockets,310,
197,168,KÜNG Stefan,Tudor Pro Cycling Team,307,
198,231,VERMEERSCH Gianni,Red Bull - BORA - hansgrohe,307,
199,297,SVESTAD-BÅRDSENG Embret,Netcompany INEOS,306,
200,253,FIORELLI Filippo,Team Visma | Lease a Bike,306,
201,560,VANSEVENANT Mauri,Soudal Quick-Step,306,
202,698,MUDGWAY Luke,Li Ning Star,304,
203,444,SPARFEL Aubin,Decathlon CMA CGM Development Team,304,
204,294,DONOVAN Mark,Pinarello Q36.5 Pro Cycling Team,303,
205,4,ALMEIDA João,UAE Team Emirates - XRG,303,Andy
206,223,RODRÍGUEZ Carlos,Netcompany INEOS,302,
207,91,ABRAHAMSEN Jonas,Uno-X Mobility,302,Gemini's Hipsters
208,301,FINN Lorenzo Mark,Red Bull - BORA - hansgrohe Rookies,301,
209,370,KRAGH ANDERSEN Søren,Lidl - Trek,301,
210,215,GILMORE Brady,NSN Cycling Team,300,
211,144,ZAMBANINI Edoardo,Bahrain - Victorious,300,
212,312,THIJSSEN Gerben,Alpecin - Premier Tech,299,
213,157,CARUSO Damiano,Bahrain - Victorious,298,
214,1801,BRAVO Henrique,Soudal Quick-Step Devo Team,296,
215,104,KULSET Johannes,Uno-X Mobility,296,
216,525,PERICAS Adrià,UAE Team Emirates - XRG,294,
217,222,SOBRERO Matteo,Lidl - Trek,292,
218,54,HIRSCHI Marc,Tudor Pro Cycling Team,292,Joe
219,162,HOFSTETTER Hugo,NSN Cycling Team,292,
220,1119,PEDERSEN Henrik,Uno-X Mobility,292,
221,547,GUALDI Simone,Lotto Intermarché,291,
222,243,HARPER Chris,Pinarello Q36.5 Pro Cycling Team,289,
223,116,AULAR Orluis,Movistar Team,288,
224,389,OLDANI Stefano,Caja Rural - Seguros RGA,287,
225,263,COBO Iván,Equipo Kern Pharma,286,
226,315,BREUILLARD Nicolas,TotalEnergies,285,
227,412,BRAZ AFONSO Clément,Groupama - FDJ United,284,
228,130,BETTIOL Alberto,XDS Astana Team,283,
229,600,VERSTRYNGE Emiel,Alpecin - Premier Tech,283,
230,1137,MÜLLER Tobias,Unibet Rose Rockets,283,
231,399,ARTZ Huub,Lotto Intermarché,282,
232,197,TILLER Rasmus,Uno-X Mobility,282,
233,149,CASTRILLO Pablo,Movistar Team,281,
234,85,DEL GROSSO Tibor,Alpecin - Premier Tech,281,Campbell
235,274,MÜHLBERGER Gregor,Decathlon CMA CGM Team,279,
236,482,QUINTANA Nairo,Movistar Team,277,
237,71,VAN WILDER Ilan,Soudal Quick-Step,273,
238,495,HEIDUK Kim,Netcompany INEOS,273,
239,612,CAMPRUBÍ Marcel,Pinarello Q36.5 Pro Cycling Team,269,
240,1139,BORGO Alessandro,Bahrain - Victorious,269,
241,48,FORTUNATO Lorenzo,XDS Astana Team,268,Nick
242,221,WELSFORD Sam,Netcompany INEOS,267,
243,278,WIDAR Jarno,Lotto Intermarché,266,Joe
244,208,HOOLE Daan,Decathlon CMA CGM Team,266,
245,427,DECOMBLE Maxime,Groupama - FDJ United,262,
246,118,VAN POPPEL Danny,Red Bull - BORA - hansgrohe,259,
247,589,SHMIDT Artem,Netcompany INEOS,258,
248,219,MOHORIČ Matej,Bahrain - Victorious,256,
249,339,BOGUSŁAWSKI Marceli,ATT Investments,255,
250,738,SLOCK Liam,Lotto Intermarché,254,
251,360,CEPEDA Jefferson Alveiro,Movistar Team,253,
252,145,VAN DEN BERG Marijn,EF Education - EasyPost,253,
253,501,IZQUIERDO Clément,Cofidis,252,
254,191,POELS Wout,Unibet Rose Rockets,250,
255,561,MUNTON Byron,Modern Adventure Pro Cycling,250,
256,307,VAN MOER Brent,Pinarello Q36.5 Pro Cycling Team,249,
257,1012,MEEHAN Jamie,Cofidis,246,
258,142,TRONCHON Bastien,Groupama - FDJ United,245,
259,458,SEPÚLVEDA Eduardo,Li Ning Star,245,
260,879,PESENTI Thomas,Team Polti VisitMalta,244,
261,241,TEUNS Dylan,Cofidis,244,
262,216,KOPECKÝ Matyáš,Unibet Rose Rockets,244,
263,866,BETTLES Carter,Roojai Insurance Winspace,241,
264,94,SHEFFIELD Magnus,Netcompany INEOS,241,
265,678,DEWULF Stan,Decathlon CMA CGM Team,240,
266,947,BOICHIS Adrien,Red Bull - BORA - hansgrohe,239,
267,550,MARTÍN Gotzon,Euskaltel - Euskadi,237,
268,56,PRODHOMME Nicolas,Decathlon CMA CGM Team,236,
269,226,ENGELHARDT Felix,Team Jayco AlUla,236,
270,148,MOLANO Juan Sebastián,UAE Team Emirates - XRG,236,
271,156,BALLERINI Davide,XDS Astana Team,236,
272,531,GAVIRIA Fernando,Caja Rural - Seguros RGA,235,
273,435,BRAET Vito,Lotto Intermarché,235,
274,417,TOLIO Alex,Bardiani CSF 7 Saber,235,
275,854,MACÍAS César,Burgos Burpellet BH,234,
276,645,GUDMESTAD Tord,Decathlon CMA CGM Team,233,
277,139,TURNER Ben,Netcompany INEOS,232,
278,199,DELBOVE Joris,TotalEnergies,232,
279,72,WRIGHT Fred,Pinarello Q36.5 Pro Cycling Team,231,Campbell
280,172,ARMIRAIL Bruno,Team Visma | Lease a Bike,231,
281,158,DVERSNES LAVIK Fredrik,Uno-X Mobility,230,
282,0,JEŽEK Václav,Kasper crypto4me,230,
283,97,ROMO Javier,Movistar Team,228,
284,618,CRABBE Tom,Team Flanders - Baloise,228,
285,356,RUSSO Clément,Groupama - FDJ United,226,
286,195,BIERMANS Jenthe,Cofidis,225,
287,256,STORK Florian,Tudor Pro Cycling Team,223,
288,622,PESCADOR Diego,Movistar Team,222,
289,265,BOL Cees,Decathlon CMA CGM Team,221,
290,388,VAN DIJKE Mick,Red Bull - BORA - hansgrohe,218,
291,804,KONYCHEV Alexander,China Anta - Mentech Cycling Team,218,
292,744,ANTUNES Tiago,Efapel Cycling,218,
293,289,ACKERMANN Pascal,Team Jayco AlUla,217,
294,126,DUJARDIN Sandy,TotalEnergies,217,
295,369,GAROFOLI Gianmarco,Soudal Quick-Step,216,
296,182,TARLING Joshua,Netcompany INEOS,216,Nick
297,492,ÁLVAREZ Héctor,Lidl - Trek Future Racing,215,
298,283,MOLENAAR Alex,Caja Rural - Seguros RGA,215,
299,324,NERURKAR Lukas,EF Education - EasyPost,214,
300,133,SALBY Alexander,Li Ning Star,213,
301,206,ADRIÀ Roger,Movistar Team,211,
302,1008,GIDDINGS Joshua,Lotto Intermarché,209,
303,616,THORNLEY Callum,Red Bull - BORA - hansgrohe,207,
304,88,BENOOT Tiesj,Decathlon CMA CGM Team,207,
305,416,LEITÃO Iúri,Caja Rural - Seguros RGA,205,
306,1318,SVARRE Tobias,Uno-X Mobility,205,
307,367,PAGE Hugo,Cofidis,204,
308,154,BLIKRA Erlend,Uno-X Mobility,204,
309,1062,BURNETT Josh,Burgos Burpellet BH,204,
310,319,CAVIA Daniel,Burgos Burpellet BH,203,
311,387,MARCELLUSI Martin,Bardiani CSF 7 Saber,203,
312,575,UMBA Santiago,Solution Tech NIPPO Rali,203,
313,610,REINDERINK Pepijn,Soudal Quick-Step,202,
314,93,LECERF Junior,Soudal Quick-Step,201,
315,571,VADIC Baptiste,TotalEnergies,201,
316,362,CAICEDO Jonathan Klever,Wheeltop Rotor Chengdu Team,201,
317,940,SU Haoyu,XDS Astana Team,200,
318,218,DÍAZ José Manuel,Burgos Burpellet BH,200,
319,76,WATSON Samuel,Netcompany INEOS,199,
320,567,WENZEL Mats,Equipo Kern Pharma,199,
321,244,GARCÍA CORTINA Iván,Movistar Team,197,
322,584,HERZOG Emil,Red Bull - BORA - hansgrohe,197,
323,983,VAN KERCKHOVE Matisse,Team Visma | Lease a Bike Development,197,
324,368,VERONA Carlos,Lidl - Trek,197,
325,452,SAINBAYAR Jambaljamts,Burgos Burpellet BH,195,
326,586,AERTS Toon,Lotto Intermarché,194,
327,79,GATE Aaron,XDS Astana Team,193,
328,1203,BALMER Alexandre,Solution Tech NIPPO Rali,193,
329,210,REX Laurenz,Soudal Quick-Step,192,
330,137,SCHACHMANN Maximilian,Soudal Quick-Step,190,
331,343,CATTANEO Mattia,Red Bull - BORA - hansgrohe,189,
332,852,QUINN Sean,EF Education - EasyPost,189,
333,98,SKUJIŅŠ Toms,Lidl - Trek,189,
334,183,MARIT Arne,Red Bull - BORA - hansgrohe,188,
335,0,MAGAGNOTTI Alessio,Red Bull - BORA - hansgrohe Rookies,188,
336,785,THIERRY Pierre,TotalEnergies,188,
337,613,SCOTT Cameron,Li Ning Star,186,
338,442,CAVAGNA Rémi,Groupama - FDJ United,186,
339,293,HERRADA Jesús,Burgos Burpellet BH,185,
340,1010,DATI Tommaso,Team UKYO,185,
341,450,GACHIGNARD Thomas,TotalEnergies,185,
342,125,SOLER Marc,UAE Team Emirates - XRG,184,
343,385,ZINGLE Axel,Team Visma | Lease a Bike,184,
344,131,MENTEN Milan,Lotto Intermarché,184,
345,245,NYCH Artem,Anicolor / Campicarn,184,
346,239,LØLAND Sakarias Koller,Uno-X Mobility,183,
347,552,CADENA Edgar David,Team Storck - MRW Bau,183,
348,504,CEPEDA Jefferson Alexander,EF Education - EasyPost,182,
349,524,BENNETT George,NSN Cycling Team,182,
350,905,JOHANNINK Jelle,Unibet Rose Rockets,182,
351,211,ALBANESE Vincenzo,EF Education - EasyPost,182,
352,151,WITHEN PHILIPSEN Albert,Lidl - Trek,182,
353,591,DEKKER David,BEAT CC p/b Saxo,182,
354,401,PEDERSEN Rasmus Søjberg,Decathlon CMA CGM Team,181,
355,180,HONORÉ Mikkel Frølich,EF Education - EasyPost,181,
356,563,APARICIO Mario,Burgos Burpellet BH,181,
357,106,BAGIOLI Andrea,Lidl - Trek,180,
358,455,VAN DER TUUK Axel,Euskaltel - Euskadi,180,
359,327,ZANONCELLO Enrico,Bardiani CSF 7 Saber,179,
360,227,BARCELÓ Fernando,Caja Rural - Seguros RGA,178,
361,308,PARRA José Félix,Caja Rural - Seguros RGA,178,
362,526,COVILI Luca,Bardiani CSF 7 Saber,178,
363,500,TURCONI Filippo,Bardiani CSF 7 Saber,176,
364,1179,TAMM Lauri,China Anta - Mentech Cycling Team,176,
365,409,AGIRRE Jon,Euskaltel - Euskadi,175,
366,696,JASCH Lennart,Tudor Pro Cycling Team,175,
367,832,ERŽEN Žak,Bahrain - Victorious,174,
368,445,UHLIG Henri,Alpecin - Premier Tech,174,
369,213,QUARTUCCI Lorenzo,Burgos Burpellet BH,173,
370,518,SWEENY Harry,EF Education - EasyPost,172,
371,462,MAISONOBE Sam,Cofidis,172,
372,675,EDDY Patrick,Team Brennan,171,
373,1898,THÉOT Killian,Van Rysel Roubaix,170,
374,346,ASGREEN Kasper,EF Education - EasyPost,170,
375,205,MIHKELS Madis,EF Education - EasyPost,167,
376,1147,RODRIGUEZ Juan Felipe,EF Education - EasyPost,167,
377,337,KELDERMAN Wilco,Team Visma | Lease a Bike,166,
378,481,TSVETKOV Nikita,Bardiani CSF 7 Saber,165,
379,855,TONEATTI Davide,XDS Astana Team,164,
380,684,JOHANSEN Julius,UAE Team Emirates - XRG,164,
381,2092,JAMAICA Javier Ernesto,Nu Colombia,163,
382,164,BAUHAUS Phil,Bahrain - Victorious,162,
383,433,HATHERLY Alan,Team Jayco AlUla,162,
384,1200,CALZONI Walter,Pinarello Q36.5 Pro Cycling Team,162,
385,100,PARET-PEINTRE Aurélien,Decathlon CMA CGM Team,161,
386,439,GARIBBO Nicolò,Team UKYO,160,
387,147,FRIGO Marco,NSN Cycling Team,160,
388,403,DE BOD Stefan,Modern Adventure Pro Cycling,159,
389,454,MARTÍ Pau,NSN Cycling Team,159,
390,641,PAREDES Wilmar Andres,Team Medellín - EPM,159,
391,413,SCHIFFER Anton,Team Visma | Lease a Bike,157,
392,190,DE LA CRUZ David,Pinarello Q36.5 Pro Cycling Team,157,
393,396,PLOWRIGHT Jensen,Alpecin - Premier Tech,156,
394,165,LARSEN Niklas,Unibet Rose Rockets,156,
395,701,KOPECKÝ Tomáš,Unibet Rose Rockets,155,
396,470,TSISHKOU Raman,Li Ning Star,155,
397,629,BRUSTENGA Marc,Equipo Kern Pharma,154,
398,176,THOMAS Benjamin,Cofidis,154,
399,333,BUSATTO Francesco,Alpecin - Premier Tech,153,
400,1031,FABBRO Matteo,Solution Tech NIPPO Rali,153,
401,1335,BONNET Thomas,TotalEnergies,151,
402,601,SYRITSA Gleb,XDS Astana Team,151,
403,296,KWIATKOWSKI Michał,Netcompany INEOS,150,
404,236,OLIVEIRA Ivo,UAE Team Emirates - XRG,150,
405,160,HOELGAARD Markus,Uno-X Mobility,150,
406,606,HUERTAS Jason Andrey,,150,
407,449,MAESTRI Mirco,Team Polti VisitMalta,148,
408,541,GRAAT Tijmen,Team Visma | Lease a Bike,148,
409,129,LANDA Mikel,Soudal Quick-Step,148,
410,257,MEURISSE Xandro,Pinarello Q36.5 Pro Cycling Team,147,
411,457,VAN ASBROECK Tom,NSN Cycling Team,146,
412,1171,PAJUR Romet,Red Bull - BORA - hansgrohe Rookies,146,
413,57,VELASCO Simone,XDS Astana Team,145,
414,291,MILESI Lorenzo,Movistar Team,145,
415,431,TJØTTA Martin,Uno-X Mobility,145,
416,503,OLIVEIRA Rui,UAE Team Emirates - XRG,145,
417,273,CAMPENAERTS Victor,Team Visma | Lease a Bike,145,
418,556,BÉVORT Carl-Frederik,Uno-X Mobility,144,
419,667,DONATI Davide,Red Bull - BORA - hansgrohe Rookies,144,
420,506,VERRE Alessandro,MBH Bank CSB Telecom Fort,144,
421,1832,HARDOUIN Louis,Van Rysel Roubaix,144,
422,287,PEÑALVER Manuel,Team Polti VisitMalta,143,
423,115,DOUBLE Paul,Team Jayco AlUla,142,
424,1693,DRIESEN Niels,Lotto - Groupe Wanty,142,
425,186,HAYTER Ethan,Soudal Quick-Step,142,
426,959,FOX Matthew,Lotto Intermarché,141,
427,967,BLOEM Joren,Unibet Rose Rockets,141,
428,1016,SORARRAIN Gorka,Caja Rural - Seguros RGA,140,
429,161,COVI Alessandro,Team Jayco AlUla,139,
430,509,LE BERRE Mathis,TotalEnergies,139,
431,349,RUTSCH Jonas,Lotto Intermarché,139,
432,394,RAILEANU Cristian,Li Ning Star,138,
433,703,GLIVAR Gal,Alpecin - Premier Tech,138,
434,453,RIVERA Brandon Smith,Netcompany INEOS,138,
435,527,SCALCO Matteo,XDS Astana Development Team,138,
436,2066,VAN TRICHT Floris,NSN Cycling Team,138,
437,429,KOERDT Bjorn,Team Picnic PostNL,137,
438,497,GOVEKAR Matevž,Bahrain - Victorious,136,
439,361,MOLARD Rudy,Groupama - FDJ United,136,
440,493,HAIG Jack,Netcompany INEOS,135,
441,726,OLIVEIRA Nelson,Movistar Team,135,
442,0,VEZIE Maxime,CIC Pro Cycling Academy,135,
443,153,RUBIO Einer,Movistar Team,135,
444,505,CHRISTOPHERSEN Cedrik Bakke,Unibet Rose Rockets,133,
445,1649,TODOME Yuhi,Aisan Racing Team,133,
446,893,TAMINIAUX Lionel,Lotto Intermarché,132,
447,421,CONCI Nicola,XDS Astana Team,132,
448,717,OOMEN Sam,Lidl - Trek,132,
449,479,COLNAGHI Luca,Bardiani CSF 7 Saber,132,
450,150,NYS Thibau,Lidl - Trek,132,Mike
451,0,POULARD Athit,Roojai Insurance Winspace,131,
452,951,PRONSKIY Vadim,Terengganu Cycling Team,131,
453,259,BISSEGGER Stefan,Decathlon CMA CGM Team,131,
454,557,NEILANDS Krists,NSN Cycling Team,131,
455,1048,BOUWMAN Koen,Team Jayco AlUla,131,
456,1277,HERREGODTS Rune,UAE Team Emirates - XRG,130,
457,443,NICOLAU Joel,Caja Rural - Seguros RGA,129,
458,860,SÜTTERLIN Jasha,Team Jayco AlUla,129,
459,247,PRADES Eduard,Caja Rural - Seguros RGA,129,
460,393,BONNEU Kamiel,Solution Tech NIPPO Rali,129,
461,299,PEÑA Jesús David,Efapel Cycling,129,
462,1479,MIFSUD Andrea,Team Polti VisitMalta,128,
463,512,BURGAUDEAU Mathieu,TotalEnergies,128,
464,366,ALLENO Clément,Burgos Burpellet BH,127,
465,2503,CHRISTIE-JOHNSTON Alastair,CCACHE x BODYWRAP,127,
466,196,VAN DEN BROEK Frank,Team Picnic PostNL,126,
467,351,HOPKINS Dylan,Roojai Insurance Winspace,125,
468,874,MUÑOZ Francisco,Team Polti VisitMalta,125,
469,769,ZUKOWSKY Nickolas,Pinarello Q36.5 Pro Cycling Team,125,
470,264,RIKUNOV Petr,Wheeltop Rotor Chengdu Team,125,
471,474,VAN ENGELEN Adne,Terengganu Cycling Team,124,
472,1557,BLEDDYN Oliver,Team Brennan,123,
473,1209,FROIDEVAUX Robin,Tudor Pro Cycling Team,123,
474,0,BARRY Ashlin,Team Visma | Lease a Bike Development,123,
475,322,DUNBAR Eddie,Pinarello Q36.5 Pro Cycling Team,122,
477,1043,VEISTROFFER Baptiste,Lotto Intermarché,121,
478,400,LABROSSE Jordan,Decathlon CMA CGM Team,121,
479,432,VALTER Attila,Bahrain - Victorious,121,
480,975,BOCK Max,Red Bull - BORA - hansgrohe Rookies,121,
481,1571,DHONDT Robbe,Team Picnic PostNL,121,
482,471,VERVAEKE Louis,Soudal Quick-Step,120,
483,1270,BELLETTA Dario Igor,Team Polti VisitMalta,120,
484,732,JASIM AL-ALI Abdulla,UAE Team Emirates Gen Z,120,
485,521,PICKERING Finlay,Team Jayco AlUla,120,
486,0,BAGATIN Christian,MBH Bank CSB Telecom Fort,120,
487,1867,BROWNING Fergus,Terengganu Cycling Team,119,
488,865,SEVILLA Diego Pablo,Team Polti VisitMalta,119,
489,621,HENNEQUIN Paul,Euskaltel - Euskadi,119,
490,314,THEUNS Edward,Lidl - Trek,118,
491,415,ARVANITOU Nikiforos,Team United Shipping,118,
492,1655,PLUTO Mārtiņš,Energus Cycling Team,118,
493,295,GLOAG Thomas,Pinarello Q36.5 Pro Cycling Team,117,
494,0,THONNON Senne,Team Flanders - Baloise,117,
495,932,SILVA Pedro,Feira dos Sofás - Boavista,117,
496,402,BUDZIŃSKI Marcin,MBH Bank CSB Telecom Fort,116,
497,266,DENZ Nico,Red Bull - BORA - hansgrohe,116,
498,288,KOGUT Oded,NSN Cycling Team,116,
499,539,KRETSCHY Moritz,NSN Cycling Team,116,
500,423,BJERG Mikkel,UAE Team Emirates - XRG,116,
501,652,STÜSSI Colin,Team Vorarlberg,116,
502,171,DAINESE Alberto,Soudal Quick-Step,115,
503,355,ALEOTTI Giovanni,Red Bull - BORA - hansgrohe,115,
504,422,CÔTÉ Pier-André,NSN Cycling Team,114,
505,537,LÓPEZ Jordi,Euskaltel - Euskadi,113,
506,807,ÄRM Rait,Energus Cycling Team,113,
507,472,LEONARD Michael,EF Education - EasyPost,112,
508,353,NAESEN Oliver,Decathlon CMA CGM Team,112,
509,446,PACHER Quentin,Groupama - FDJ United,112,
510,357,HOLTER Ådne,Uno-X Mobility,111,
511,1195,VANHUFFEL Matteo,Development Team Picnic PostNL,110,
512,193,DE BONDT Dries,Team Jayco AlUla,110,
513,985,CHAMBERLAIN Oscar,Decathlon CMA CGM Team,109,
514,627,DUPONT Timothy,Tarteletto - Isorex,109,
515,746,AZPARREN Xabier Mikel,Pinarello Q36.5 Pro Cycling Team,109,
516,603,PALETTI Luca,Bardiani CSF 7 Saber,108,
517,155,MADOUAS Valentin,Groupama - FDJ United,108,
518,863,MURGUIALDAY Jokin,Euskaltel - Euskadi,108,
519,1023,LAU Wan Yau Vincent,Roojai Insurance Winspace,107,
520,321,CHUMIL Sergio Geovani,Burgos Burpellet BH,107,
521,1658,ADAMIETZ Johannes,REMBE | rad-net,107,
522,849,BIZKARRA Mikel,Euskaltel - Euskadi,107,
523,859,BARBIER Pierre,Terengganu Cycling Team,106,
524,395,HODEG Álvaro José,Team Medellín - EPM,106,
525,1106,KERCKHAERT Jochem,BEAT CC p/b Saxo,106,
526,996,ROWE Elliot,Team Visma | Lease a Bike Development,106,
527,545,HAMILTON Chris,Team Picnic PostNL,105,
528,426,DE LA CALLE Hugo,Burgos Burpellet BH,105,
529,735,DEGENKOLB John,Team Picnic PostNL,105,
530,751,LIEPIŅŠ Emīls,Pinarello Q36.5 Pro Cycling Team,105,
531,448,JUARISTI Txomin,Euskaltel - Euskadi,105,
532,519,DAUPHIN Florian,TotalEnergies,104,
533,1890,MUÑOZ Hodei,Euskaltel - Euskadi,104,
534,0,CROZZOLO Fabrizio,Team Polti VisitMalta,104,
535,467,ROULAND Louis,Cofidis,103,
536,1064,VAN GESTEL Dries,Soudal Quick-Step,102,
537,581,GONZÁLEZ David,Pinarello Q36.5 Pro Cycling Team,102,
538,303,BUCHMANN Emanuel,Cofidis,102,
539,428,EINHORN Itamar,NSN Cycling Team,101,
540,270,CRAS Steff,Soudal Quick-Step,101,
541,425,TERCERO Fernando,Team Polti VisitMalta,101,
542,789,SKAARSETH Anders,Uno-X Mobility,100,
543,306,HALLER Marco,Tudor Pro Cycling Team,100,
544,1086,KIM Euro,LX Cycling Team,100,
545,486,VARGAS Wálter,Team Medellín - EPM,100,
546,508,PEÑUELA Francisco Joel,Caja Rural - Seguros RGA,100,
547,2166,BESSEGA Tommaso,Team Polti VisitMalta,100,
548,258,BALDERSTONE Abel,Caja Rural - Seguros RGA,100,
549,330,EIKING Odd Christian,Unibet Rose Rockets,99,
550,587,PONOMAR Andrii,General Store - Essegibi - F.Lli Curia,99,
551,778,VAN DEN BERG Julius,Team Picnic PostNL,99,
552,304,DEHAIRS Simon,Alpecin - Premier Tech,98,
553,329,MAGLI Filippo,Bardiani CSF 7 Saber,98,
554,347,AFFINI Edoardo,Team Visma | Lease a Bike,98,
555,302,MOLLEMA Bauke,Lidl - Trek,98,
556,672,PĘKALA Piotr,ATT Investments,98,
557,797,BAIS Mattia,Team Polti VisitMalta,97,
558,740,TRATNIK Jan,Red Bull - BORA - hansgrohe,97,
559,649,REINDERS Elmar,Unibet Rose Rockets,96,
560,592,ROTA Lorenzo,Lotto Intermarché,96,
561,484,BERNARD Julien,Lidl - Trek,96,
562,114,JOHANNESSEN Anders Halland,Uno-X Mobility,96,
563,572,JACOBS Johan,Groupama - FDJ United,96,
564,654,MOSCON Gianni,Red Bull - BORA - hansgrohe,95,
565,1304,PERSICO Davide,MBH Bank CSB Telecom Fort,95,
566,718,BELOHVOŠČIKS Kristiāns,BIKE AID,95,
567,0,SHNYRKO Aliaksei,Li Ning Star,94,
568,485,SWIFT Connor,Netcompany INEOS,94,
569,406,SHAW James,EF Education - EasyPost,94,
570,459,VAHTRA Norman,China Anta - Mentech Cycling Team,94,
571,473,CAMARGO Diego Andrés,Team Medellín - EPM,94,
572,546,VAN DEN BOSSCHE Fabio,Soudal Quick-Step,93,
573,803,KLUCKERS Arthur,Tudor Pro Cycling Team,93,
574,513,ANDERSEN Mads,Swatt Club,93,
575,593,LEEMREIZE Gijs,Team Picnic PostNL,93,
576,750,MARSMAN Tim,Alpecin - Premier Tech,92,
577,548,GEENS Jonas,Alpecin - Premier Tech,91,
578,838,NEGRENTE Mattia,XDS Astana Development Team,91,
579,2019,SYDOR Serhii,Huansheng - Vonoa - Taishan Sport Team,91,
580,1170,IMAMURA Shunsuke,Lotto - Groupe Wanty,90,
581,1931,MANENTI Marco,Bardiani CSF 7 Saber,90,
582,242,ETXEBERRIA Haimar,Red Bull - BORA - hansgrohe,89,
583,864,BOU Joan,Caja Rural - Seguros RGA,89,
584,1700,KÄLLBERG Axel,Lucky Sport Cycling Team,89,
585,656,STANNARD Robert,Bahrain - Victorious,88,
586,929,LAMBRECHT Michiel,Team Flanders - Baloise,88,
587,638,DARDER Sergi,Caja Rural - Seguros RGA,88,
588,419,LOUVEL Matis,NSN Cycling Team,88,
589,0,ZEMKE Jermaine,REMBE | rad-net,87,
590,375,PLANCKAERT Edward,Alpecin - Premier Tech,87,
591,494,WARBASSE Larry,Tudor Pro Cycling Team,87,
592,2359,BESSEGA Gabriele,Team Polti VisitMalta,87,
593,166,TSARENKO Kyrylo,Solution Tech NIPPO Rali,87,
594,588,DONNENWIRTH Tom,Groupama - FDJ United,86,
595,1859,MOURIS Wessel,Unibet Rose Rockets,86,
596,96,CHRISTEN Fabio,Pinarello Q36.5 Pro Cycling Team,86,
597,775,MASNADA Fausto,MBH Bank CSB Telecom Fort,86,
598,232,STEWART Jake,NSN Cycling Team,85,
599,1049,JARNET Maxime,Van Rysel Roubaix,85,
600,483,BATSAIKHAN Tegshbayar,Roojai Insurance Winspace,85,
601,376,PEDERSEN Casper,Soudal Quick-Step,84,
602,883,HESSMANN Michel,Movistar Team,84,
603,350,BARTA Will,Tudor Pro Cycling Team,84,
604,633,DE PESTEL Sander,Decathlon CMA CGM Team,84,
605,758,GAFFURI Mattia,Team Picnic PostNL,84,
606,386,VAN BAARLE Dylan,Soudal Quick-Step,84,
607,336,LIVYNS Arjen,XDS Astana Team,83,
608,938,KOCKELMANN Mathieu,Lotto Intermarché,83,
609,1334,ZOMERMAAND Jurgen,Development Team Picnic PostNL,83,
610,342,VAN BOVEN Luca,Lotto Intermarché,83,
611,0,STIANSEN Jesper,Tudor Pro Cycling Team U23,83,
612,554,FERRON Valentin,Cofidis,83,
613,384,VAN MECHELEN Vlad,Bahrain - Victorious,82,
614,542,TORRES Pablo,UAE Team Emirates - XRG,82,
615,52,ALAPHILIPPE Julian,,82,Cameron
616,434,ALLEGAERT Piet,Cofidis,82,
617,363,ROLLAND Brieuc,Groupama - FDJ United,82,
618,424,LEROUX Samuel,TotalEnergies,82,
619,950,TEUGELS Lennert,Tarteletto - Isorex,82,
620,1148,WALLENBORN Arno,Team Lotto Kern-Haus Outlet Montabaur,82,
621,643,MOSCA Jacopo,Lidl - Trek,81,
622,311,BREGNHØJ Mathias,Terengganu Cycling Team,81,
623,719,FRĄTCZAK Radosław,Wibatech Lubelskie Perła Polski,81,
624,1995,DAUMAS Rémi,Groupama-FDJ United CT,81,
625,2358,AVANCINI Henrique da Silva,Localiza Meoo / Swift Pro Cycling,81,
626,642,CRAPS Lars,Lotto Intermarché,81,Joe
627,1284,RENARD-HAQUIN Henri-François,Team Picnic PostNL,80,
628,683,REMIJN Senna,Alpecin - Premier Tech,80,
629,558,GUTIÉRREZ Jorge,Equipo Kern Pharma,79,
630,528,PICKRELL Riley,Modern Adventure Pro Cycling,78,
631,1075,KONIJN Alexander,Nice Métropole Côte d'Azur,78,
632,463,SCOTSON Callum,Decathlon CMA CGM Team,77,
633,516,VERGALLITO Luca,Alpecin - Premier Tech,77,
634,646,MULLEN Ryan,NSN Cycling Team,77,
635,659,NOVAK Domen,UAE Team Emirates - XRG,77,
636,694,COBARRUBIA Leonardo,,77,
637,892,ALMUTAIWEI Mohammad,UAE Team Emirates Gen Z,76,
638,1388,XUE Ming,Li Ning Star,76,
639,1444,CARR Simon,Cofidis,76,
640,786,MELLANO Ludovico Maria,XDS Astana Development Team,76,
641,583,RACCANI Simone,Team UKYO,76,
642,770,BLUME LEVY William,Uno-X Mobility,76,
643,628,SINSCHEK Nils,Li Ning Star,75,
644,1516,LOZANO Juan Pedro,Terengganu Cycling Team,75,
645,345,EENKHOORN Pascal,Soudal Quick-Step,75,
646,2390,REX Tim,Team Visma | Lease a Bike,75,
647,710,JUUL-JENSEN Christopher,Team Jayco AlUla,75,
648,1271,HOOGENDOORN Roy,Metec - SOLARWATT p/b Mantel,75,
649,0,LEAHY Conor,Team Brennan,75,
650,2123,RIŠKA Richard,Hrinkow Advarics,75,
651,0,NEVES José,GI Group Holding - Simoldes - UDO,75,
652,617,BARTHE Cyril,Groupama - FDJ United,74,
653,488,GERMANI Lorenzo,Groupama - FDJ United,73,
654,248,KIELICH Timo,Team Visma | Lease a Bike,73,
655,727,HOPKINS Kaden,Atom 6 Bikes - Cycleur de Luxe - Auto Stroo Team,73,
656,1805,VERBRUGGHE Jens,NSN Development Team,73,
657,1652,MALMBERG Matias,Swatt Club,73,
658,275,BARGUIL Warren,Team Picnic PostNL,73,
659,836,MILTIADIS Andreas,Quick Pro Team,72,
660,664,VADER Milan,Pinarello Q36.5 Pro Cycling Team,72,
661,682,LASTRA Jonathan,Euskaltel - Euskadi,72,
662,665,SYELHAN Muhammad,ASC Monsters Indonesia,72,
663,1166,YILMAZ Ramazan,Konya Büyükşehir Belediye Spor,72,
664,1001,AUGÉ Ronan,Unibet Rose Rockets,72,
665,269,KONRAD Patrick,Lidl - Trek,71,
666,68,SIVAKOV Pavel,UAE Team Emirates - XRG,71,
667,0,BEISEMBAY Mansur,XDS Astana Development Team,71,
668,201,GAUDU David,Groupama - FDJ United,71,
669,380,MARTINEZ Juan Guillermo,Team Picnic PostNL,71,
670,0,JACKOWIAK Jan Michal,Bahrain Victorious Development Team,71,
671,689,PŘIDAL Tomáš,Team United Shipping,71,
672,728,SCHULTZ Nick,NSN Cycling Team,70,
673,943,INGEBRIGTSEN Storm,Uno-X Mobility,70,
674,609,KOISHI Yuma,Kinan Racing Team,70,
675,1467,GOGL Michael,Alpecin - Premier Tech,70,
676,1566,VAN BELLE Loe,Team Visma | Lease a Bike,70,
677,325,VAN UDEN Casper,Team Picnic PostNL,69,
678,1060,TU Sergio,Astemo Utsunomiya Blitzen,69,
679,1273,ROUFFAER Lars,EEW-VDK Cyclingteam,69,
680,2475,WARD Jack,Lidl - Trek Future Racing,69,
681,884,KYFFIN Zeb,Terengganu Cycling Team,68,
682,752,RAFFERTY Darren,EF Education - EasyPost,68,
683,1506,MAŁECKI Kamil,Pinarello Q36.5 Pro Cycling Team,68,
684,688,HESTERS Jules,Team Flanders - Baloise,68,
685,1065,ISASA Xabier,Euskaltel - Euskadi,68,
686,569,MACIEJUK Filip,Movistar Team,67,
687,1232,DEWEIRDT Siebe,Team Flanders - Baloise,67,
688,1688,MERIS Sergio,Unibet Rose Rockets,67,
689,1830,JOHNSTON Calum,Li Ning Star,67,
690,809,HUISING Menno,Team Visma | Lease a Bike,67,
691,880,SENTJENS Sente,Alpecin - Premier Tech,66,
692,928,BEULLENS Cedric,Lotto Intermarché,66,
693,781,FAURA José Luis,Burgos Burpellet BH,66,
694,1142,LANDBO Mads,Team ColoQuick,66,
695,1363,KUERE NOUNAWE Rodrigue Eric,SNH Vélo Club,66,
696,1570,VAN BEKKUM Darren,XDS Astana Team,65,
697,655,MÄRKL Niklas,Team Picnic PostNL,65,
698,759,DURBRIDGE Luke,Team Jayco AlUla,65,
699,624,VAN DER LEE Jardi Christiaan,EF Education - EasyPost,65,
700,768,DILLIER Silvan,Alpecin - Premier Tech,65,
701,976,KURITS Karl,Lucky Sport Cycling Team,65,
702,562,SMIT Willie,China Anta - Mentech Cycling Team,65,
703,511,HAMZA Yacine,Madar Pro Cycling Team,65,
704,614,DALBY Simon,Uno-X Mobility,65,
705,0,FOFONOV Artëm,XDS Astana Development Team,65,
706,1369,KANEKO Sohei,Gunma Mammoth Racing Hiroshima,65,
707,392,ZIJLAARD Maikel,Tudor Pro Cycling Team,64,
708,794,SKERL Daniel,Bahrain - Victorious,64,
709,192,TRÆEN Torstein,Uno-X Mobility,64,
710,372,KÄMNA Lennard,Lidl - Trek,64,
711,2520,RICHARDS Kane,Roojai Insurance Winspace,64,
712,0,LAURYSSEN Yorben,Tarteletto - Isorex,63,
713,658,BURATTI Nicolò,MBH Bank CSB Telecom Fort,63,
714,1517,FRAYRE Eder,L39ION of Los Angeles,63,
715,1011,NIELSEN Sebastian,Team ColoQuick,63,
716,1229,WHITEHOUSE Daniel,St George Continental Cycling Team,63,
717,292,LÓPEZ Juan Pedro,Movistar Team,63,
718,956,MACKELLAR Alastair,EF Education - EasyPost,62,
719,648,DE VRIES Hartthijs,Unibet Rose Rockets,62,
720,762,WALKER Max,EF Education - EasyPost,62,
721,716,LOULERGUE Victor,Groupama-FDJ United CT,62,
722,1794,LORELLO Riccardo,S.C. Padovani Polo Cherry Bank,62,
723,841,KIRSCH Alex,Cofidis,62,
724,535,BRENES Sebastian,Canel's - Java,62,
725,0,BEHRENS Eike,Team Lotto Kern-Haus Outlet Montabaur,62,
726,681,MIKUTIS Aivaras,Tudor Pro Cycling Team,61,
727,829,SAMUDIO Carlos Ariel,Solution Tech NIPPO Rali,61,
728,2405,MARTINSEN Toralf Rydningen,Team Drali - Repsol,61,
729,410,IRIBAR Unai,Equipo Kern Pharma,61,
730,812,RAMÍREZ Mateo,UAE Team Emirates Gen Z,61,
731,827,PORTER Rudy,Team Jayco AlUla,60,
732,475,GHEBREIGZABHIER Amanuel,Lidl - Trek,60,
733,1641,IACOMONI Federico,Team UKYO,60,
734,1005,SÉNÉCHAL Florian,Alpecin - Premier Tech,60,
735,604,RICKAERT Jonas,Alpecin - Premier Tech,60,
736,941,TAROZZI Manuele,Bardiani CSF 7 Saber,60,
737,989,PRIETO José Juan,,60,
738,0,KONINGS Roan,Metec - SOLARWATT p/b Mantel,60,
739,0,OGANDO Jonathan,,60,
740,2045,ARSAC Rémi,Decathlon CMA CGM Development Team,60,
741,0,WALSH Finn,CCACHE x BODYWRAP,60,
742,663,WALSH Liam,CCACHE x BODYWRAP,59,
743,615,RAISBERG Nadav,NSN Cycling Team,59,
744,1771,DESTA Amaniel Teweldemedhn,Team Amani,59,
745,1272,ZABELINSKIY Bogdan,Aarco,59,
746,1529,SUTTON Louis,Euskaltel - Euskadi,58,
747,332,CAPIOT Amaury,Team Jayco AlUla,58,
748,662,NIYONKURU Samuel,Team Amani,58,
749,913,WEISS Fabian,Tudor Pro Cycling Team,58,
750,602,CONSONNI Simone,Lidl - Trek,58,
751,2489,TARAKÇI Mustafa,Konya Büyükşehir Belediye Spor,58,
752,0,PAPON Victor,Nice Métropole Côte d'Azur,58,
753,1237,SANLAVILLE Mathias,CIC Pro Cycling Academy,58,
754,907,SERRANO Javier,Team Polti VisitMalta,58,
755,640,OTRUBA Jakub,Caja Rural - Seguros RGA,58,
756,0,D'AIUTO Filippo,General Store - Essegibi - F.Lli Curia,58,
757,1457,MATTIO Pietro,Team Visma | Lease a Bike,57,
758,1154,KAM Chin Pok,China Anta - Mentech Cycling Team,57,
759,568,LANHOVE Milan,Team Flanders - Baloise,57,
760,760,ERMAKOV Roman,Bahrain - Victorious,57,
761,476,SANDER HANSEN Marcus,BHS - PL Beton Bornholm,57,
762,2163,MONTI Alberto,ATT Investments,57,
763,317,TAARAMÄE Rein,Kinan Racing Team,56,
764,1000,BRUTTOMESSO Alberto,Bahrain - Victorious,56,
765,358,VAN HEMELEN Vincent,Team Flanders - Baloise,56,
766,0,GIULIANO Dario,Team Polti VisitMalta,56,
767,725,BOULAHOITE Rayan,TotalEnergies,56,
768,800,REIS Rafael,Anicolor / Campicarn,56,
769,772,MIHOLJEVIĆ Fran,Bahrain - Victorious,55,
770,377,GENIETS Kevin,Groupama - FDJ United,55,
771,1141,MILAN Matteo,Groupama - FDJ United,55,
772,761,PAASSCHENS Mathijs,Bahrain - Victorious,55,
773,0,CISNEROS Jose Said,Soudal Quick-Step Devo Team,55,
774,660,GRADEK Kamil,Bahrain - Victorious,55,
775,1114,ROJAS Vicente,Bardiani CSF 7 Saber,55,
776,1417,GIMENO Nil,Equipo Kern Pharma,55,
777,1460,VAN ZANDEN Otto,Azerion / Villa Valkenburg,55,
778,806,KACZMAREK Jakub,Voster Team,55,
779,630,HELLEMOSE Asbjørn,Team Jayco AlUla,55,
780,0,VAS Barnabás,Team United Shipping,55,
781,890,VANDENABEELE Henri,Team Flanders - Baloise,54,
782,522,KEPPLINGER Rainer,Bahrain - Victorious,54,
783,958,BOUCHARD Geoffrey,TotalEnergies,54,
784,671,NEUMAN Dominik,ATT Investments,54,
785,930,MARCHAND Gianni,Tarteletto - Isorex,54,
786,670,HEREMANS Joppe,Van Rysel Roubaix,53,
787,846,KRIJNSEN Jelte,Team Jayco AlUla,53,
788,0,YU Yuanfeng,China Anta - Mentech Cycling Team,53,
789,888,MARIVOET Duarte,Lotto - Groupe Wanty,53,
790,1574,NAVAS Kevin,Best PC Ecuador,53,
791,835,NARRAWAY Nicholas,Competitive Edge Racing,53,
792,0,HÉBERT Théo,Vendée U Primeo Energie,53,
793,801,CHAMPION Thomas,St Michel - Preference Home - Auber93,53,
794,968,BAX Sjoerd,Pinarello Q36.5 Pro Cycling Team,53,
795,0,DEPUYDT Daan,Baloise Verzekeringen - Het Poetsbureau Lions,53,
796,998,POMORSKI Michał,ATT Investments,53,
797,63,LÓPEZ Harold Martín,XDS Astana Team,52,
798,1308,POLLEFLIET Gianluca,Decathlon CMA CGM Team,52,
799,639,DE CASSAN Davide,General Store - Essegibi - F.Lli Curia,52,
800,1253,ROGERS Cameron,Netcompany INEOS Racing Academy,52,
801,0,UGARTE Gari,Euskaltel - Euskadi,52,
802,338,BENNETT Sam,Pinarello Q36.5 Pro Cycling Team,52,
803,842,AMARI Hamza,Madar Pro Cycling Team,52,
804,0,GUAVITA Cesar David,Best PC Ecuador,52,
805,1108,PAJUR Markus,FNIX - SCOM - Hengxiang Cycling Team,52,
806,451,RASCH Jesper,China Anta - Mentech Cycling Team,51,
807,1118,MARIS Elias,Team Flanders - Baloise,51,
808,619,BUDIAK Anatolii,China Meitan Cycling Team,51,
809,383,MAYER Alexandre,Burgos Burpellet BH,51,
810,676,BOUGLAS Georgios,Burgos Burpellet BH,50,
811,310,HOWSON Damien,Pinarello Q36.5 Pro Cycling Team,50,
812,802,THOMPSON Reuben,Lotto Intermarché,50,
813,721,HAMILTON Lucas,Netcompany INEOS,50,
814,447,SMITH Dion,NSN Cycling Team,50,
815,783,YUN Jaebin,Roojai Insurance Winspace,50,
816,895,SOENENS Viktor,Soudal Quick-Step Devo Team,50,
817,1041,KRUIJSWIJK Steven,Team Visma | Lease a Bike,50,
818,862,KOLZE CHANGIZI Sebastian,Tudor Pro Cycling Team,50,
819,739,BAYER Tobias,Alpecin - Premier Tech,50,
820,1167,MARTINELLI Alessio,Bardiani CSF 7 Saber,50,
821,1289,SVRČEK Martin,Soudal Quick-Step,50,
822,456,KENCH Josh,Groupama - FDJ United,50,
823,992,RAFFERTY Adam,Hagens Berman Jayco,50,
824,763,SUNEKÆR NORSGAARD Mathias,Lidl - Trek,50,
825,0,DIJKMAN Daan,UAE Team Emirates Gen Z,50,
826,799,STOSZ Patryk,Voster Team,50,
827,268,ROCHAS Rémy,Groupama - FDJ United,50,
828,0,BOLDYREV Matvei,UAE Team Emirates Gen Z,49,
829,0,MIKAYILZADE Musa,,49,
830,964,BOWER Lewis,Groupama - FDJ United,48,
831,381,PITA Cristian David,Roojai Insurance Winspace,48,
832,848,MEZGEC Luka,Team Jayco AlUla,48,
833,650,DOULL Owain,Team Visma | Lease a Bike,48,
834,844,VANHOOF Ward,Team Flanders - Baloise,48,
835,914,FINKŠT Tilen,Solution Tech NIPPO Rali,48,
836,1660,PRONSKIY Daniil,Team Vino - North Qazaqstan Region,48,
837,0,KROONEN Max,BEAT CC p/b Saxo,48,
838,982,EEMAN Kamiel,Lotto - Groupe Wanty,48,
839,598,SAMITIER Sergio,Cofidis,48,
840,2498,GOMEZ Nicolas David,GW Erco SportFitness,47,
841,679,PALENI Enzo,Groupama - FDJ United,47,
842,0,NOVÁK Samuel,Tirol KTM Cycling Team,47,
843,1532,GUDNITZ Joshua,Team ColoQuick,47,
844,440,GUERNALEC Thibault,TotalEnergies,47,
845,0,GAL Ryan,Metec - SOLARWATT p/b Mantel,47,
846,1501,GAUTHIER Jérôme,Project Echelon Racing,47,
847,2517,HAYTER Leo,Modern Adventure Pro Cycling,47,
848,1161,ØXENBERG Peter,Netcompany INEOS,46,
849,693,DINA Márton,MBH Bank CSB Telecom Fort,46,
850,734,GONZÁLEZ Roberto Carlos,Solution Tech NIPPO Rali,46,
851,608,MINTEGI Iker,Euskaltel - Euskadi,46,
852,922,RAPP Jonas,FNIX - SCOM - Hengxiang Cycling Team,46,
853,331,PELLAUD Simon,Li Ning Star,46,
854,1117,DESAL Ceriel,Soudal Quick-Step Devo Team,45,
855,857,NABERMAN Tim,Team Picnic PostNL,45,
856,1456,AVONDTS Mathis,Azerion / Villa Valkenburg,45,
857,2518,WIGGINS Ben,Hagens Berman Jayco,45,
858,1120,GONZALEZ Jyven,L39ION of Los Angeles,45,
859,1164,DONZÉ Robin,Tudor Pro Cycling Team,45,
860,0,COSTA Fábio,Feira dos Sofás - Boavista,45,
861,1245,CHU Tsun Wai,HKSI Pro Cycling Team,44,
862,1391,TAKHIROV Diyor,7 Saber Uzbekistan Cycling Team,44,
863,267,MONIQUET Sylvain,Cofidis,44,
864,0,RUIZ Sebastian,,44,
865,1319,BUCK JONES Huw,Bourg-en-Bresse Ain Cyclisme,44,
866,1151,HAUGLAND Kasper,Decathlon CMA CGM Development Team,44,
867,1659,DARBELLAY Valentin,Elite Fondations Cycling Team,43,
868,839,QUINTANA Hector Exequiel,Plus Performance - ZEO Sport,43,
869,1323,ŠTAJNAR Mihael,Pogi Team Gusto Ljubljana,43,
870,576,O'BRIEN Kelland,Team Jayco AlUla,42,
871,555,SCHRETTL Marco,XDS Astana Team,42,
872,1824,WANG Gustav,XDS Astana Development Team,42,Joe
873,1664,NENCINI Tommaso,Solution Tech NIPPO Rali,42,
874,706,CATALDO Lorenzo,China Meitan Cycling Team,42,
875,790,ZOCCARATO Samuele,MBH Bank CSB Telecom Fort,42,
876,635,GRIGNARD Sébastien,Lotto Intermarché,42,
877,498,PRADES Benjamín,VC Fukuoka,42,
878,255,DE PLUS Laurens,Netcompany INEOS,42,
879,1002,ASSAL Mohamed Nadjib,Madar Pro Cycling Team,42,
880,0,MESSEL Kevin Andre Sandli,Team Ringerike,42,
881,993,ZOIDL Riccardo,Hrinkow Advarics,42,
882,0,MOREIRA Daniel Filipe Vieira,Hagens Berman Jayco,42,
883,553,NOVÁK Pavel,Movistar Team,41,
884,1215,GIAIMI Luca,UAE Team Emirates - XRG,41,
885,549,CONTRERAS Rodrigo,Nu Colombia,41,
886,0,BOLLE Bert,VolkerWessels Cycling Team,41,
887,0,WAITES Thomas,St George Continental Cycling Team,41,
888,817,GHYS Robbe,Decathlon CMA CGM Team,41,
889,0,ADAM Guillaume,Veloce Club Rouen 76,41,
890,712,RESELL Erik Nordsæter,Uno-X Mobility,40,
891,818,MORO Manlio,Movistar Team,40,
892,1038,BASTIAENS Ayco,Soudal Quick-Step,40,
893,1265,FRISON Frederik,Pinarello Q36.5 Pro Cycling Team,40,
894,1212,ARCAS Jorge,Movistar Team,40,
895,957,OURSELIN Paul,Cofidis,40,
896,146,LANGELLOTTI Victor,XDS Astana Team,40,
897,1189,MASCIARELLI Lorenzo,MBH Bank CSB Telecom Fort,40,
898,1397,BODDEN Christopher,,40,
899,901,FELDMANN Karsten Larsen,Unibet Rose Rockets,39,
900,1214,CAPRA Thomas,Bahrain Victorious Development Team,39,
901,1492,PRIETO José Antonio,,39,
902,743,LOZOUET Léandre,CIC Pro Cycling Academy,39,
903,1155,CONFORTI Lorenzo,Bardiani CSF 7 Saber,39,
904,1095,RASENBERG Martijn,Unibet Rose Rockets,39,
905,1013,VAN TRICHT Stan,Soudal Quick-Step Devo Team,39,
906,564,FLYNN Sean,Team Picnic PostNL,39,
907,636,LINAREZ Leangel Rubén,Tavfer-Ovos Matinados-Mortágua,39,
908,254,BARONCINI Filippo,UAE Team Emirates - XRG,39,
909,700,VERSCHUREN Killian,Unibet Rose Rockets,39,
910,876,GARCÍA PIERNA Carlos,Burgos Burpellet BH,39,
911,225,MAYRHOFER Marius,Tudor Pro Cycling Team,39,
912,896,BORREMANS Kasper,Bahrain Victorious Development Team,39,
913,1473,CAMPOS Francisco,Team Tavira / Crédito Agrícola,39,
914,0,MIRBAGHERI FIROOZABADI Seyyed Mohammad Nabi,Spor Toto Cycling Team,39,
915,39,POWLESS Neilson,EF Education - EasyPost,39,Dave
916,1202,ABREU Jorge,Fina Arroz CES Multimarcas Bancamiga,38,
917,436,BAIS Davide,Team Polti VisitMalta,38,
918,510,PETER Jannis,Unibet Rose Rockets,38,
919,374,DE PRETTO Davide,Team Jayco AlUla,38,
920,1186,CHAVARRIA Derrick,China Meitan Cycling Team,38,
921,1709,DEL PINO Jesus,Aviludo - Louletano - Loulé,38,
922,0,VAN DE PUTTE Victor,Lotto - Groupe Wanty,38,
923,686,WRIGHT Paul,Modern Adventure Pro Cycling,38,
924,867,KAMZONG Clovis,SNH Vélo Club,38,
925,1138,DINHAM Matthew,Team Picnic PostNL,37,
926,742,SERRANO Gonzalo,Movistar Team,37,
927,1219,DUNWOODY Seth,Bahrain Victorious Development Team,37,
928,0,BRADÁČ Adam,Factor Racing,37,
929,1100,DUARTE Emanuel,Credibom / LA Alumínios / Marcos Car,37,
930,1244,KUKRLE Michael,Kasper crypto4me,37,
931,1074,HENAO Sergio,Nu Colombia,37,
932,0,BURNS Luke,Victoire Hiroshima,37,
933,909,PRICE-PEJTERSEN Johan,Alpecin - Premier Tech,37,
934,391,WOODS Michael,,37,
935,861,KHADBAATAR Temuulen,,36,
936,1312,ARRIOLABENGOA Julen,Caja Rural - Seguros RGA,36,
937,1185,ALUSTIZA Nicolás,Euskaltel - Euskadi,36,
938,824,VÉLEZ Cristian Damián,Team Sistecredito,36,
939,987,WILLIAMS Cory,L39ION of Los Angeles,36,
940,0,ZÜGER Andrin,Run & Race - Solarpur,36,
941,1511,ENKHTAIVAN Bolor-erdene,Huansheng - Vonoa - Taishan Sport Team,36,
942,1204,NG Pak Hang,HKSI Pro Cycling Team,35,
943,677,WILKSCH Hannes,Tudor Pro Cycling Team,35,
944,1076,GEORGE Alfred,Elite Fondations Cycling Team,35,
945,1354,FAURE PROST Alexy,Team Picnic PostNL,35,
946,1153,CARSTENSEN Lucas,Kinan Racing Team,35,
947,1670,METZGER Gabriel,ACRS Cycling Team,35,
948,653,MILESI Nicolas,Netcompany INEOS Racing Academy,35,
949,460,WANDAHL Frederik,Red Bull - BORA - hansgrohe,35,
950,1044,HAUG Kieran,Modern Adventure Pro Cycling,35,
951,1084,ABAY Burak,Konya Büyükşehir Belediye Spor,35,
952,286,MAIRE Adrien,Unibet Rose Rockets,35,
953,1593,DELGADO David,Quick Pro Team,35,
954,1279,THALMANN Roland,Tudor Pro Cycling Team,35,
955,1384,STOJNIĆ Veljko,Team United Shipping,35,
956,935,CRETTI Luca,MBH Bank CSB Telecom Fort,35,
957,2182,MACHHOLDT Magnus,Reffen CO:PLAY Giant Store,35,
958,1344,KELEMEN Petr,Tudor Pro Cycling Team,34,
959,713,SIMMONS Colby,EF Education - EasyPost,34,
960,1741,ZAMPERINI Edoardo,Cofidis,34,
961,997,PROĆ Bartłomiej,Wibatech Lubelskie Perła Polski,34,
962,461,AMAN Awet,Istanbul Team,34,
963,1712,ARRIGHETTI Nicolo',General Store - Essegibi - F.Lli Curia,34,
964,1160,BORTOLUZZI Giovanni,General Store - Essegibi - F.Lli Curia,34,
965,0,SCHAPER Joeri,Soudal Quick-Step Devo Team,34,
966,886,OOSTERLINCK Joes,Van Rysel Roubaix,34,
967,1466,BIEHL Kevin,General Store - Essegibi - F.Lli Curia,34,
968,0,BAUDRY Julian,Team Brennan,34,
969,1399,ANTONENKO Heorhii,Energus Cycling Team,34,
970,0,TOADER Alin,FNIX - SCOM - Hengxiang Cycling Team,34,
971,795,KHALMURATOV Muradjan,7 Saber Uzbekistan Cycling Team,34,
972,1102,GARZÓN Óscar Santiago,GW Erco SportFitness,34,
973,1841,GODFROID Olivier,Baloise Verzekeringen - Het Poetsbureau Lions,34,
974,1819,MÉNDEZ Arlex José,Alicanto Consulting G Kino Tachira,33,
975,0,PÉREZ César,Equipo Kern Pharma,33,
976,0,MULUGETA Yafiet,UCI WCC Men's Team,33,
977,1320,RETEGI Mikel,Equipo Kern Pharma,33,
978,2465,MAULANA Astnan,Nusantara Cycling Team,33,
979,0,BOUQUET Axel,St Michel - Preference Home - Auber93,33,
980,0,VITTINGHUS STOKBRO Sylvester,AIRTOX - Carl Ras,33,
981,1006,BATTISTELLA Samuele,EF Education - EasyPost,33,
982,0,ALVAREZ Hector Renan,Best PC Ecuador,33,
983,1310,NESPOLI Lorenzo,MBH Bank CSB Telecom Fort,32,
984,981,KAJAMINI Florian Samuel,MBH Bank CSB Telecom Fort,32,
985,1474,DELLE VEDOVE Alessio,XDS Astana Development Team,32,
986,0,HOBBS Henry,Team Visma | Lease a Bike Development,32,
987,1533,FERNÁNDEZ Sinuhé,Burgos Burpellet BH,32,
988,0,DE LONGHI Lorenzo,Campana Imballagi - Morbiato - Trentino,32,
989,0,HALDIMANN Guillaume,Humard VP,32,
990,1107,REEMEIJER Niels,Huansheng - Vonoa - Taishan Sport Team,32,
991,1157,PAWLAK Tobiasz,ATT Investments,32,
992,2197,PLACE Maxence,Aarco,32,
993,919,ABU HARRAH Majid,,32,
994,887,HERREÑO Martin Santiago,Bardiani CSF 7 Saber,32,
995,651,STOKBRO Andreas,Team ColoQuick,32,
996,788,GAJDULEWICZ Mateusz,ATT Investments,32,
997,813,DELACROIX Théo,St Michel - Preference Home - Auber93,31,
998,1085,BÉNÉTEAU Lucas,St Michel - Preference Home - Auber93,31,
999,925,ROYAN Muhammad Andy,Nusantara Cycling Team,31,
1000,1723,SAMBINELLO Enea,UAE Team Emirates Gen Z,31,
1001,1220,QUINTERO Juan Diego,Netcompany INEOS Racing Academy,31,
1002,1536,NEAVES Jadian,UCI WCC Men's Team,31,
1003,0,BARRILLOT Bohémond,AVC Aix Provence Dole,31,
1004,916,HAVERDINGS David,Alpecin-Premier Tech Development Team,31,
1005,0,HOWELL Adam,Bourg-en-Bresse Ain Cyclisme,31,
1006,851,ORMISTON Callum,The Joyrun & Hurricane Cycling Team,31,
1007,2445,RAGILO Frank Aron,Lucky Sport Cycling Team,31,
1008,359,KUDUS Merhawi,Burgos Burpellet BH,30,
1009,1026,ØRN-KRISTOFF Felix,Lotto Intermarché,30,
1010,1736,CHIKWAKA Andrew,,30,
1011,0,PIRAS Andrea,Solution Tech NIPPO Rali,30,
1012,1007,TONELLI Alessandro,Team Polti VisitMalta,30,
1013,1472,CONTTE Tomas,Aviludo - Louletano - Loulé,30,
1014,1063,MESA Santiago,Anicolor / Campicarn,30,
1015,441,LAMPAERT Yves,Soudal Quick-Step,30,
1016,1113,KOECH Silas,Team Lotto Kern-Haus Outlet Montabaur,30,
1017,348,ZWIEHOFF Ben,Red Bull - BORA - hansgrohe,30,
1018,533,MEIJERS Jeroen,Victoria Sports Pro Cycling,30,
1019,1144,BOMFIM DE ALMEIDA Luiz Fernando,Localiza Meoo / Swift Pro Cycling,30,
1020,2052,DOMÍNGUEZ David,Feira dos Sofás - Boavista,30,
1021,1077,VERGAERDE Otto,Lidl - Trek,30,
1022,298,STAUNE-MITTET Johannes,Decathlon CMA CGM Team,30,
1023,0,DEPE Serdar Anıl,Spor Toto Cycling Team,30,
1024,520,LIENHARD Fabian,Tudor Pro Cycling Team,30,
1025,1290,JÓNSSON Davíð,Team Cranks,30,
1026,0,SIMSON Jorryn,,30,
1027,0,ALPHONSE Denver,,30,
1028,0,ȘEREMET Ilie,,30,
1029,1052,NUHA Blerton,CLN - Kosova,30,
1030,1613,WHITTAKER Alexander,,30,
1031,899,MENÉNDEZ Héctor,Castelli Deluxe RedHook,30,
1032,1298,ANTROBUS Lucky,,30,
1033,0,SOARES Eliezer,,30,
1034,1476,ROJAS Brandon Alejandro,GW Erco SportFitness,29,
1035,1223,DOLVEN Halvor,Lotto - Groupe Wanty,29,
1036,856,VAN LERBERGHE Bert,Soudal Quick-Step,29,
1037,507,BYSTRØM Sven Erik,Uno-X Mobility,29,
1038,791,PARISINI Nicolò,Pinarello Q36.5 Pro Cycling Team,29,
1039,464,CUYLITS Mauro,Lotto - Groupe Wanty,29,
1040,1876,FETTER Erik,Team United Shipping,29,
1041,946,MENDES Diego De Jesus,,29,
1042,2342,CHARROIS Leo,Embrace The World,29,
1043,0,BALLERSTEDT Maurice,Alpecin - Premier Tech,28,
1044,0,BOBOSHEROV Farrukh,7 Saber Uzbekistan Cycling Team,28,
1045,1333,VAN GILS Lucas,Lotto - Groupe Wanty,28,
1046,1158,PATTINSON Tomos,EF Education - Aevolo,28,
1047,960,D'AMATO Andrea,Team UKYO,28,
1048,1432,FIETZKE Paul,Red Bull - BORA - hansgrohe Rookies,28,
1049,910,TAILLIEU Aldo,Team Visma | Lease a Bike Development,28,
1050,0,REES Brent,,28,
1051,1891,VERMOOTE Jelle,Tarteletto - Isorex,28,
1052,1747,RIZQI Dimas Nur Fadhil,Jakarta Pro Cycling Team,28,
1053,0,ROMEO Sergio,Equipo Kern Pharma,28,
1054,590,DE JONG Timo,Team Picnic PostNL,28,
1055,0,LIU Chenglu,China Anta - Mentech Cycling Team,28,
1056,0,CORRES Gorka,Caja Rural - Seguros RGA,28,
1057,869,VILLA Giacomo,Biesse - Carrera - Premac,27,
1058,715,VERVENNE Jonathan,Soudal Quick-Step,27,
1059,902,ROSENLUND Stian,AIRTOX - Carl Ras,27,
1060,847,ÁLVAREZ Rodrigo,Burgos Burpellet BH,27,
1061,1534,RAMÍREZ Joseph Gerardo,Colono Bikestation Kölbi,27,
1062,1551,ABDUL HALIL Mohamad Izzat Hilmi,Malaysia Pro Cycling,27,
1063,599,NØRTOFT Morten Aalling,Team ColoQuick,27,
1064,1496,JEAN Victor,Elite Fondations Cycling Team,27,
1065,595,HOULE Hugo,Alpecin - Premier Tech,27,
1066,2388,HASHIKAWA Jo,Kinan Racing Team,27,
1067,2056,ÅRNES Daniel,Van Rysel Roubaix,27,
1068,2238,PEÁK Barnabás,MBH Bank CSB Telecom Fort,27,
1069,0,MURYJ Antoni,Mazowsze Serce Polski,27,
1070,0,GRINDLEY Sebastian,Lidl - Trek Future Racing,26,
1071,1673,SCHOOFS Jasper,Soudal Quick-Step Devo Team,26,
1072,666,URIARTE Diego,Equipo Kern Pharma,26,
1073,551,VANHOUCKE Harm,Pinarello Q36.5 Pro Cycling Team,26,
1074,0,ALHAMMADI Abdulla,Abu Dhabi Cycling Club,26,
1075,0,LANGELLA Lenaic,CIC Pro Cycling Academy,26,
1076,974,O'BRIEN Liam,Lidl - Trek Future Racing,26,
1077,0,MARTINSEN Georg Rydningen,Team Drali - Repsol,26,
1078,1956,QUAEDVLIEG Lars,Universe Cycling Team,26,
1079,1582,JØLVING Otto Schultz,Team ColoQuick,26,
1080,755,BANASZEK Norbert,ATT Investments,26,
1081,1112,KUYPERS Gerben,Pauwels Sauzen - Altez Industriebouw Cycling Team,26,
1082,534,CALLEJAS Edison Alejandro,Roojai Insurance Winspace,26,
1083,0,MASCIARELLI Stefano,S.C. Padovani Polo Cherry Bank,26,
1084,577,KNOX James,Team Picnic PostNL,25,
1085,1156,PEACE Oliver,Team Picnic PostNL,25,
1086,390,SWIFT Ben,Netcompany INEOS,25,
1087,1875,URIANSTAD BUGGE Martin,Uno-X Mobility,25,
1088,1342,HVIDEBERG Jonas Hem,Uno-X Mobility,25,
1089,773,VAN SINTMAARTENSDIJK Roel,Lotto Intermarché,25,
1090,1719,ASCONEGUY Roderyck,Dolores Cycles Club,25,
1091,0,PODLUZHNYY Mikhail,XDS Astana Development Team,25,
1092,1132,GIRMAY Mewael,Istanbul Team,25,
1093,1382,GONZALES Freddy,,25,
1094,529,DE POOTER Dries,Team Jayco AlUla,25,
1095,566,BOIVIN Guillaume,NSN Cycling Team,25,
1096,1746,HLADY Gavin,EF Education - Aevolo,25,
1097,0,EGHOLM Kristian,Lidl - Trek Future Racing,25,
1098,1575,SANCHO José Pablo,Colono Bikestation Kölbi,25,
1099,1345,ERIKSSON Jacob,Tudor Pro Cycling Team,25,
1100,0,CAMPBELL Max,CCACHE x BODYWRAP,25,
1101,632,MAAS Jan,Cofidis,25,
1102,1047,HEIDEMANN Miguel,REMBE | rad-net,25,
1103,0,DEURWEILHER Guillaume,Club Cycliste Saint Louisien,25,
1104,0,SLESARENKO Ilya,Biesse - Carrera - Premac,25,
1105,952,RODRÍGUEZ Brandon Ulises,,25,
1106,1636,CÁ Apolinário,,25,
1107,1849,WOODS Tariq,,25,
1108,1442,LAZAREVIĆ Miloš,,25,
1109,1199,GOJKOVIĆ Nicolas,Pogi Team Gusto Ljubljana,25,
1110,0,TARIELASHVILI Giorgi,,25,
1111,2215,COLE Owen,Team Winston Salem - Flow,25,
1112,0,SIMON Yohann,St Michel - Preference Home - Auber93,25,
1113,1409,SHAPILOV Artem,,25,
1114,1040,GAZZOLI Michele,Solution Tech NIPPO Rali,25,
1115,596,SCHWARZBACHER Matthias,EF Education - EasyPost,24,
1116,906,HOUCOU Emmanuel,Pinarello Q36.5 Pro Cycling Team,24,
1117,540,BRUNEL Alexys,TotalEnergies,24,
1118,538,KUZMIN Anton,XDS Astana Team,24,
1119,1083,AMBROSSI Facundo Nicolás,,24,
1120,543,TIVANI German Nicolás,Aviludo - Louletano - Loulé,24,
1121,1366,RUIZ Robinson Steven,,24,
1122,2377,HUE Antoine,,24,
1123,0,FLÓREZ Samuel,Modern Adventure Pro Cycling,24,
1124,697,DE ROSSI Lucas,China Anta - Mentech Cycling Team,24,
1125,702,ARCHIBOLD Franklin,Senafront,24,
1126,945,RAMÍREZ Donovan,Colono Bikestation Kölbi,24,
1127,897,BASSET Pierre-Henry,XDS Astana Development Team,24,
1128,1941,STEPANOV Andrei,Wheeltop Rotor Chengdu Team,24,
1129,798,GUGLIELMI Simon,St Michel - Preference Home - Auber93,24,
1130,490,HUBY Antoine,7Eleven Cliqq Roadbike Philippines,24,
1131,1131,PELIKÁN János,Team United Shipping,24,
1132,0,CRUZ Edward,Bardiani CSF 7 Saber,24,
1133,2397,SANCHEZ Clément,Vendée U Primeo Energie,24,
1134,1738,DOCKX Aaron,Alpecin - Premier Tech,24,
1135,0,MÉNDEZ Diego Alejandro,Lotería del Táchira Servitel,23,
1136,2314,MAINGUENAUD Tom,Nice Métropole Côte d'Azur,23,
1137,1258,LIM Nash,Factor Racing,23,
1138,1547,BATMUNKH Maral-Erdene,,23,
1139,0,DE CLERCQ Mathijs,Soudal Quick-Step Devo Team,23,
1140,1247,MUHOZA Eric,Team Amani,23,
1141,0,BENITO Adrián,Team Polti VisitMalta,23,
1142,1009,ROTTMANN Jonathan Malte,Team Lotto Kern-Haus Outlet Montabaur,23,
1143,1174,GONZÁLEZ Abner,Feirense - Beeceler,23,
1144,972,REMKHI Rudolf,Muğla Büyükşehir Belediyesi Spor Kulübü,23,
1145,1828,FABRIES Ugo,UAE Team Emirates Gen Z,23,
1146,984,VAN HAUTEGEM Leander,Team Flanders - Baloise,23,
1147,0,PROCTOR-PARKER Dylan,Roojai Insurance Winspace,23,
1148,756,VOLTR Martin,ATT Investments,23,
1149,1490,CATTANI Alessandro,Team Technipes #inEmiliaRomagna Caffè Borbone,23,
1150,1266,CAPRON Rémi,Van Rysel Roubaix,23,
1151,0,SÁNCHEZ Pelayo,Movistar Team,23,
1152,1324,EL KOURAJI Mohcine,,23,
1153,0,FERREIRA DE MELO Alex,Andbank Cycling Team,23,
1154,1475,SAIDI Nassim,Madar Pro Cycling Team,23,
1155,0,MIN Kyeongho,Seoul Cycling Team,23,
1156,1264,WIRTGEN Luc,Tudor Pro Cycling Team,22,
1157,1280,FREYER Martin,,22,
1158,469,JANSE VAN RENSBURG Reinardt,Tshenolo Pro Cycling Team,22,
1159,1487,VALJAVEC Erazem,Soudal Quick-Step Devo Team,22,
1160,1198,MOYATA Eduardo,Pío Rico Cycling Team,22,
1161,0,MILOSTIC Lindon,St George Continental Cycling Team,22,
1162,0,CETTOLIN Filippo,Bardiani CSF 7 Saber,22,
1163,2395,BICELLI Michele,Biesse - Carrera - Premac,22,
1164,0,DE KEERSMAEKER Mathias,Lotto - Groupe Wanty,22,
1165,2380,OIOLI Manuel,Swatt Club,22,
1166,926,MASENGESHO Vainqueur,Benediction Banafrica Team,22,
1167,0,DAHL Gustav Frederik,Team Give Steel,22,
1168,1704,ZAHÁLKA Štěpán,Kasper crypto4me,22,
1169,0,TOMAN Patrik,Kasper crypto4me,22,
1170,1713,LEMES Bruno Martins,Localiza Meoo / Swift Pro Cycling,22,
1171,0,LOVIDIUS Gustav,Svealand Cycling Team,22,
1172,1935,BARBAS Rafael,Tavfer-Ovos Matinados-Mortágua,22,
1173,1903,DE BRUYCKERE Kay,Pauwels Sauzen - Altez Industriebouw Cycling Team,22,
1174,1172,KLOPPENBORG Lukas Sulaj,Sidi Ali - Unlock Sports Team,22,
1175,2069,KIMANI Wangai Evan,,22,
1176,0,DIALLO Tiémoko,,22,
1177,1845,JOYA José Dagoberto,Pegasus Premier Texas,22,
1178,1180,ROSSI João Pedro,Localiza Meoo / Swift Pro Cycling,22,
1179,0,HUTCHINSON Liam,,22,
1180,585,FELDHOFFER Bálint,Bahrain Victorious Development Team,22,
1181,1902,DE LUCA Teodor,Lucky Sport Cycling Team,22,
1182,0,KHUTSISHVILI Giorgi,,22,
1183,1796,MATKARIMOV Mukhammed Ali,Bishkek Cycling Team,22,
1184,169,TOWNSEND Rory,Unibet Rose Rockets,21,
1185,0,ROSATO Giacomo,Bahrain Victorious Development Team,21,
1186,0,BUDA Simone,Solme - Olmo - Arvedi,21,
1187,0,QUIROZ Tomas,Plus Performance - ZEO Sport,21,
1188,1464,KAMBERAJ Valentino,Team Skyline,21,
1189,2206,RIDOLFO Filippo,Team Novo Nordisk,21,
1190,900,ROJAS Gabriel Francisco,Manza Té La Selva No Varix,21,
1191,1436,GIANNOUTSOS Miltiadis,,21,
1192,0,CARVALHO Gonçalo,Tavfer-Ovos Matinados-Mortágua,21,
1193,496,WALLS Matthew,Team Storck - MRW Bau,21,
1194,0,SANFILIPPO Cristian,Biesse - Carrera - Premac,21,
1195,1491,TAKÁCS Zsombor,MBH Bank CSB Telecom Fort,21,
1196,1257,ĐURIĆ Đorđe,Solution Tech NIPPO Rali,21,
1197,708,SIRIRONNACHAI Sarawut,,20,
1198,730,DRIZNERS Jarrad,Red Bull - BORA - hansgrohe,20,
1199,1907,STOCKWELL Oliver,Bahrain - Victorious,20,
1200,0,QU Chengjun,,20,
1201,1453,WU Chun Yin,HKSI Pro Cycling Team,20,
1202,1500,TENDON Arnaud,Van Rysel Roubaix,20,
1203,875,FRYDKJÆR Patrick Boje,Lidl - Trek Future Racing,20,
1204,927,VERCOUILLIE Victor,Team Flanders - Baloise,20,
1205,1486,PUTZ Sebastian,Red Bull - BORA - hansgrohe Rookies,20,
1206,1115,LAENGEN Vegard Stake,UAE Team Emirates - XRG,20,
1207,1080,BOGDANOVIČS Māris,FNIX - SCOM - Hengxiang Cycling Team,20,
1208,0,ROY Léo,Team Vittel N'side,20,
1209,1283,HEFFERNAN William,CCACHE x BODYWRAP,20,
1210,0,TÓTH Márkó,Team United Shipping,20,
1211,1242,SOLEN Keije,Lotto - Groupe Wanty,20,
1212,0,LAYRAC Gabriel,AVC Aix Provence Dole,20,
1213,0,ANASTASIA Tommaso,Team Technipes #inEmiliaRomagna Caffè Borbone,20,
1214,0,SCHEMPP Oscar,BIKE AID,20,
1215,0,TORRES Jaime,UAE Team Emirates Gen Z,20,
1216,1178,NUNES Hugo,Credibom / LA Alumínios / Marcos Car,20,
1217,0,SHERRY Gavin,EF Education - Aevolo,20,
1218,1190,HOFBAUER Philipp,Team Vorarlberg,20,
1219,1844,LIM BING YI Eamon,CCACHE x BODYWRAP,20,
1220,0,MACIEJUK Kacper,Voster Team,20,
1221,1015,MORALES Christopher,Supermercados Froiz,20,
1222,0,HAMON Similien,CIC Pro Cycling Academy,20,
1223,1192,MACLEOD Callum,Muğla Büyükşehir Belediyesi Spor Kulübü,20,
1224,1887,ELOSEGUI Iñigo,Equipo Kern Pharma,20,
1225,1105,LE GAC Olivier,Groupama - FDJ United,20,
1226,378,ARASHIRO Yukiya,Solution Tech NIPPO Rali,19,
1227,2296,ARAMAYO Jose Manuel,Pío Rico Cycling Team,19,
1228,2524,BAEZA Cristobal,Plus Performance - ZEO Sport,19,
1229,2494,BEAUNE Mavric,Veloce Club Rouen 76,19,
1230,830,JOALLAND Yaël,Cofidis,19,
1231,1262,VAN BYLEN Liam,Decathlon CMA CGM Development Team,19,
1232,1558,CASTILLO Kevin David,Orgullo Paisa,19,
1233,1241,PIRA Yesid Albeiro,Hino One La Red Suzuki,19,
1234,931,SAVINO Federico,Soudal Quick-Step Devo Team,19,
1235,1838,KLISMETS Kārlis,Energus Cycling Team,19,
1236,1252,ŘEHA Filip,ATT Investments,19,
1237,0,FEURSTEIN Kilian,Team Vorarlberg,19,
1238,2260,ADOMAITIS Rokas,Energus Cycling Team,19,
1239,1069,ILIĆ Ognjen,Benotti Berthold,19,
1240,0,GOMES Gil Landim,,19,
1241,0,YON HIN Daniel,7Eleven Cliqq Roadbike Philippines,19,
1242,0,KHOURI Simon,,19,
1243,0,PEŠEK Adam,Kasper crypto4me,19,
1244,2508,LUCCA Simone,Gragnano Sporting Club,19,
1245,0,RUSSENBERGER Wanja,UC Haguenau,19,
1246,0,BAHODIROV Behzod,7 Saber Uzbekistan Cycling Team,18,
1247,1869,ARNDT Nikias,Bahrain - Victorious,18,
1248,418,MATTHEIS Oliver,BIKE AID,18,
1249,573,BALLABIO Giacomo,Team Vorarlberg,18,
1250,811,YEMANE Even,BIKE AID,18,
1251,825,KOTSAKIS Francisco,Plus Performance - ZEO Sport,18,
1252,1124,BOULET Eliott,Veloce Club Rouen 76,18,
1253,1042,PIETROBON Andrea,Team Polti VisitMalta,18,
1254,1404,MARTE Jesus Roniel,,18,
1255,1710,NISU Oskar,China Anta - Mentech Cycling Team,18,
1256,0,BAMBAGIONI Tommaso,Team Technipes #inEmiliaRomagna Caffè Borbone,18,
1257,0,HAYASHIBARA Shoma,Shimano Racing Team,18,
1258,0,TUMINELLO Christian,St George Continental Cycling Team,18,
1259,2047,MACÉ Marius,SCO Dijon Team Matériel-Velo.com,18,
1260,1835,URIAN Jose Misael,Team Sistecredito,18,
1261,1236,GALIMBERTI Lorenzo,Swatt Club,18,
1262,1078,GUÉGAN Maël,CIC Pro Cycling Academy,18,
1263,1503,YAMEOGO Saturnin,,18,
1264,1020,DE COMARMOND Aurelien,The Joyrun & Hurricane Cycling Team,18,
1265,0,GUAMÁ Byron,Best PC Ecuador,18,
1266,0,VANDEVORST Nio,Alpecin-Premier Tech Development Team,18,
1267,574,GUERNALEC Victor,CIC Pro Cycling Academy,18,
1268,0,PAKOT András Gusztáv,Team United Shipping,18,
1269,1218,SANTY Arne,Tarteletto - Isorex,17,
1270,2174,SIBANDA Mthokozisi,,17,
1271,1029,PEÑA Wilson Estiben,Team Sistecredito,17,
1272,736,STEWART Mark,Modern Adventure Pro Cycling,17,
1273,0,TARLING Finlay,NSN Development Team,17,
1274,1565,MENGHINI Alessio,Team Technipes #inEmiliaRomagna Caffè Borbone,17,
1275,2108,SOMMER Jan,Elite Fondations Cycling Team,17,
1276,2040,DA SILVA SANTOS Vinicius,São José Ciclismo,17,
1277,2084,DIAZ Christopher Jahir,Banco Industrial - 4WD Rent a Car,17,
1278,0,VESCO Leonardo,Biesse - Carrera - Premac,17,
1279,1831,VAN DEN EIJNDEN Guus,Alpecin-Premier Tech Development Team,17,
1280,2131,STENNING Oliver,Prowheel Kung Shenzhen Cycling Team,17,
1281,0,MARIS Jesse,Technosylva Rower Bembibre,17,
1282,2148,BASSON Gustav,Tshenolo Pro Cycling Team,17,
1283,2173,METAWEA Mahmoud,,17,
1284,2418,BOZZOLA Mirko,S.C. Padovani Polo Cherry Bank,17,
1285,1520,PINZÓN Edgar Andrés,Team Sistecredito,17,
1286,1983,FERNÁNDEZ Óscar Hernán,Nu Colombia,17,
1287,0,REGNANTI Matteo,Solution Tech NIPPO Rali,17,
1288,1206,WOUTERS Rutger,K.O.F.M. x Thielemans - Bildin - Van Eyck Sport Cycling Team,17,
1289,1540,HUPPERTZ Joshua,Team Lotto Kern-Haus Outlet Montabaur,17,
1290,570,MIMOUNI Oussama Abdellah,Madar Pro Cycling Team,17,
1291,1662,ATTAI Corneil Kokou,,17,
1292,1594,SOWOU Rémi,,17,
1293,917,SODJEDE Ricardo,,17,
1294,0,HORSBURGH Thomas,,17,
1295,1504,KASTRATI Albion,CLN - Kosova,17,
1296,1508,ALREJJAL Mo'men,,17,
1297,1438,AL MAYYAS Mohammad,,17,
1298,1149,ED DOGHMY Achraf,N_lab Mentech Craft Team,17,
1299,0,IÉ Ivanildo,,17,
1300,1054,KARIĆ Vedad,Sidi Ali - Unlock Sports Team,17,
1301,0,LUKIĆ Leon,Kolesarski Klub Novo Mesto,17,
1302,0,ELCOCK Russell,,17,
1303,1412,MARSH Robert,,17,
1304,1058,BAILEY Zefal Trevor,,17,
1305,1057,BUTTIGIEG Aidan,Team Polti VisitMalta,17,
1306,1134,RAMSAY Andrew,,17,
1307,1943,EATHER Kurt,CCACHE x BODYWRAP,17,
1308,1871,NASER Ahmed,Bahrain Victorious Development Team,17,
1309,1169,RETAILLEAU Valentin,TotalEnergies,16,
1310,2065,GREENWOOD Matthew,CCACHE x BODYWRAP,16,
1311,881,MANZIN Lorrenzo,TotalEnergies,16,
1312,729,GONOV Lev,XDS Astana Team,16,
1313,0,MA Binyan,China Anta - Mentech Cycling Team,16,
1314,0,TERADA Yoshiki,Team UKYO,16,
1315,2001,VAN DER WERFF Thom,Development Team Picnic PostNL,16,
1316,1433,ROSTOVTSEV Sergey,Bardiani CSF 7 Saber,16,
1317,2212,BETTENDORFF Loïc,Hrinkow Advarics,16,
1318,1759,KMIELIAUSKAS Rokas,Energus Cycling Team,16,
1319,1261,ESPINOSA Bolivar,Senafront,16,
1320,2189,GOSZCZURNY Patryk,Team Visma | Lease a Bike Development,16,
1321,2477,THÉOT Hugo,Guidon Chalettois,16,
1322,2170,ELSAIFY Hassan,,16,
1323,2094,LIGHTFOOT Mark,AVC Aix Provence Dole,16,
1324,0,AEBERSOLD Nils,Elite Fondations Cycling Team,16,
1325,0,BDADOU Youssef,,16,
1326,1296,FORSSELL Hugo,CK Hymer,16,
1327,0,GORDILLO Emerson Ronaldo,Nu Colombia,16,
1328,1299,PETTITI Nicolo',Swatt Club,16,
1329,937,OKA Atsushi,Astemo Utsunomiya Blitzen,16,
1330,0,GIALLI Matteo,Team Hopplà,16,
1331,0,HAFIZH Muhammad,ASC Monsters Indonesia,16,
1332,0,BELLENS Jarno,Baloise Verzekeringen - Het Poetsbureau Lions,16,
1333,0,RODRIGUES Rúben,Feira dos Sofás - Boavista,16,
1334,948,BUDZIŃSKI Tomasz,ATT Investments,16,
1335,1377,RODRÍGUEZ Óscar,Netcompany INEOS,16,
1336,1928,AGUIRRE Hernán Ricardo,Qinghai Tianyoude Hotel Cycling Team,16,
1337,0,MCGEOUGH Cormac,7Eleven Cliqq Roadbike Philippines,16,
1338,1657,CARVALHO Rui,GI Group Holding - Simoldes - UDO,16,
1339,2143,CAICEDO David Sebastian,Cine Cable Serviproc,16,
1340,0,KIECK Blaine,UV Aube,15,
1341,1239,RODRÍGUEZ Diego Leonel,,15,
1342,0,SURÉN Roger,Alpecin-Premier Tech Development Team,15,
1343,0,WANG Ruidong,Li Ning Star,15,
1344,680,GAMPER Patrick,Team Jayco AlUla,15,
1345,0,QUITA Ronnilan,7Eleven Cliqq Roadbike Philippines,15,
1346,2309,BELMANS Lennert,Alpecin - Premier Tech,15,
1347,523,GRANGER Ben,Solution Tech NIPPO Rali,15,
1348,1900,MOORE Viggo,Tirol KTM Cycling Team,15,
1349,1468,VIVIANI Attilio,Solution Tech NIPPO Rali,15,
1350,0,CALDERÓN Jerónimo,Team Sistecredito,15,
1351,1644,GEERAERTS Ferre,Team Flanders - Baloise,15,
1352,1877,MARCEROU Nicola,TotalEnergies,15,
1353,1208,VANDENSTORME Dylan,Team Flanders - Baloise,15,
1354,1210,DEMAN Brem,Team Flanders - Baloise,15,
1355,0,VANDEN EYNDE Mats,Lidl - Trek Future Racing,15,
1356,1207,STOCKMAN Abram,Unibet Rose Rockets,15,
1357,466,JUNGELS Bob,Netcompany INEOS,15,
1358,882,ANDERSEN Kasper,Swatt Club,15,
1359,1552,CALDERÓN Sebastian,7C - Economy - Hyundai,15,
1360,0,ELSAID Omar,,15,
1361,0,MOLLY Kenny,Van Rysel Roubaix,15,
1362,1059,AGRICOLA Danijel,Metec - SOLARWATT p/b Mantel,15,
1363,1938,BEREZNYAK Aleksandr,Wheeltop Rotor Chengdu Team,15,
1364,0,GINTER Nicolas,Tirol KTM Cycling Team,15,
1365,1287,MOHD ZARIFF Muhammad Nur Aiman,Terengganu Cycling Team,15,
1366,0,MCBIRNEY Tim,Project Echelon Racing,15,
1367,0,AHTOSALO Matias,UN Cycling Team,15,
1368,0,BABOVICH Mikita,Bahrain Victorious Development Team,15,
1369,0,DIALLO Yaya,,15,
1370,0,KAMAU Peter,,15,
1371,1389,ABREHA Negasi Haylu,Vega - Vitalcare - Dynatek,15,
1372,1322,GARCIA Erlin Antonio,,15,
1373,1104,BULUT Samet,Muğla Büyükşehir Belediyesi Spor Kulübü,15,
1374,1381,LIM Zhen Yu Darren,,15,
1375,0,SELIMOVIĆ Husein,,15,
1376,0,NAUMOVSKI Bojan,,15,
1377,1396,JELE Kwanele,,15,
1378,0,GAMERO Alonso Miguel,,15,
1379,2248,POPOV Martin,,15,
1380,1293,PHON ASA Thavone,,15,
1381,0,ŞAMLI Feritcan,Spor Toto Cycling Team,15,
1382,2031,DEBAY Filimon Zerabruk,,15,
1383,1789,ACHAS Christodoulos,ODL Team – Lasal Cocinas,15,
1384,2451,LUKOVIĆ Danilo,,15,
1385,0,RAMOS Alberto Rafael,,15,
1386,365,MAEKELE Milkias,Netcompany INEOS Racing Academy,15,
1387,845,AÏT EL ABDIA Anass,Qatar Pro Team,15,
1388,1403,PETROVSKI Stefan,Cycling Team Velo-M Termalift,15,
1389,0,CÁ Elias,,15,
1390,1030,RABOUDE Jeremy,,15,
1391,0,NAVARRO Royner,,15,
1392,0,TRENCHEV Christian,PSKK Vassil-Levski,15,
1393,2029,MILAKONG Ananxay,,15,
1394,0,TOMIĆ Ivan Luka,,15,
1395,0,PANAYOT Alexander,,15,
1396,0,MEUNIER SOW Neriah,Surne Bilbao Cycling Team,15,
1397,1379,BARON Kohath,,15,
1398,1803,SOHRABI Mehdi,,15,
1399,0,DE BOCK Aless,Alpecin-Premier Tech Development Team,15,
1400,0,FRANCIS Khalil,,15,
1401,0,AL ASMAR Khalil,,15,
1402,1587,CISSÉ Isiaka,,15,
1403,0,MAIDWELL Mark,,15,
1404,1033,MAKATILE Kabelo,,15,
1405,699,ROSLI Muhammad Nur Aiman Bin,Terengganu Cycling Team,15,
1406,915,KALEJMAN Mateo,,15,
1407,0,MCKENZIE Hamish,Team Jayco AlUla,14,
1408,0,MANCILLA Martin,,14,
1409,754,MONK Cyrus,FNIX - SCOM - Hengxiang Cycling Team,14,
1410,0,LESUEUR Louka,Veloce Club Rouen 76,14,
1411,833,OTTEMA Rick,EEW-VDK Cyclingteam,14,
1412,0,JENNI Luca,Run & Race - Solarpur,14,
1413,0,SMITH Adam,AVC Aix Provence Dole,14,
1414,0,DAWSON Oliver,Jakroo Handsling Racing,14,
1415,1224,LEIDERT Louis,Lidl - Trek Future Racing,14,
1416,1213,LEWIS Adam,APS Pro Cycling by Team Cadence Cyclery,14,
1417,711,TENE Rotem,NSN Cycling Team,14,
1418,0,MELOTTE Matteo,Color Code - Alu Center,14,
1419,1798,DORENBOS Yanne,Azerion / Villa Valkenburg,14,
1420,1263,CANTONI Andrea,Mg.K Vis Costruzioni e Ambiente,14,
1421,1022,VERHOEFF Stefan,Universe Cycling Team,14,
1422,0,SHPAKOUSKI Viachaslau,,14,
1423,1393,ÓMARSSON Ingvar,,14,
1424,1235,CARDIS Romain,St Michel - Preference Home - Auber93,14,
1425,1666,PETROV Yordan,Hemus Troyan,14,
1426,0,PHOMSOUVANH Thepphasith,,14,
1427,1330,KÜÜT Oskar,Quick Pro Team,14,
1428,0,KALLAS Mark,,14,
1429,1767,REYES Elvys Noel,,14,
1430,0,PIERRE Alexis,Moyon Percy Manche Normandie,14,
1431,1847,GRUSZCZYŃSKI Filip,MBH Bank CSB Telecom Fort,14,
1432,0,BARBOSA Diogo,Team Tavira / Crédito Agrícola,14,
1433,0,BONOMETTI Michele,Gallina Ecotek Lucchini,14,
1434,955,MORA Luis Guillermo,,14,
1435,0,O'BRIEN Finn,Development Team Picnic PostNL,14,
1436,0,VERBEECK Tuur,Lotto - Groupe Wanty,14,
1437,2502,GÁLVIZ Carlos Johan,Politachira Heidy Lee Sport TVN Norte,13,
1438,2073,GIL Angel Alexander,GW Erco SportFitness,13,
1439,1452,BOCHAROV Dmitriy,7 Saber Uzbekistan Cycling Team,13,
1440,271,GEOGHEGAN HART Tao,Lidl - Trek,13,
1441,920,SMITH William,Team Visma | Lease a Bike Development,13,
1442,1564,JURADO Christofer Robín,Servicio Nacional Aeronaval,13,
1443,1699,SCALA Hugo,Modern Adventure Pro Cycling,13,
1444,0,CHARRET Camille,Cofidis,13,
1445,774,SAGRADO Alvaro,Team Storck - MRW Bau,13,
1446,1267,LÓPEZ Robinson Fabián,GW Erco SportFitness,13,
1447,1977,SHELTON Marcis,Competitive Edge Racing,13,
1448,1702,BOROŠ Michael,Kasper crypto4me,13,
1449,1978,DÍAZ Alex,Caja Rural - Seguros RGA,13,
1450,1834,KOSSOKO Jérémie,SNH Vélo Club,13,
1451,0,CHEN Yusheng,China Anta - Mentech Cycling Team,13,
1452,0,STEININGER Fabian,Schwingshandl Intralogistics,13,
1453,669,STOLIĆ Mihajlo,Bahrain Victorious Development Team,13,
1454,373,SAFARZADEH Saeid,Qinghai Tianyoude Hotel Cycling Team,13,
1455,0,DAHL Marius Innhaug,Decathlon CMA CGM Development Team,13,
1456,749,LAUK Karl Patrick,Wheeltop Rotor Chengdu Team,13,
1457,0,ASTOLFI Flavio,Aran Cucine Vejus,13,
1458,0,MUNOZ Brayan Esteven,CDEF C&S Technology Chaoyang,13,
1459,1944,LI You,XDS Astana Development Team,12,
1460,1684,IDERBOLD Bold,Wheeltop Rotor Chengdu Team,12,
1461,81,GROVES Kaden,Alpecin - Premier Tech,12,
1462,674,MARRIAGE Zac,NSN Development Team,12,
1463,2078,ŠUMPÍK Pavel,Development Team Picnic PostNL,12,
1464,1542,STITES Tyler,Modern Adventure Pro Cycling,12,
1465,0,AZNAR Hugo,Equipo Kern Pharma,12,
1466,1502,PLAMONDON Joel,Charvieu Chavagneux Isère Cyclisme,12,
1467,977,OSES Luis Daniel,7C - Economy - Hyundai,12,
1468,0,DOMINGUEZ Mauricio,,12,
1469,1443,GONÇALVES Diogo,Efapel Cycling,12,
1470,2114,SALGUEIRO Carlos Miguel,Team Tavira / Crédito Agrícola,12,
1471,1196,RAWENDE Moucaila,,12,
1472,878,FERNÁNDEZ Rubén,Anicolor / Campicarn,12,
1473,2471,DEN BRABER Simon,Volharding Cycling Team,12,
1474,0,AVOINE Kévin,Van Rysel Roubaix,12,
1475,0,GALLAGHER Oscar,CCACHE x BODYWRAP,12,
1476,0,LAMBERT WETZEL Tom,Vélo Club Villefranche Beaujolais,12,
1477,2132,DA SILVA Tiano,The Joyrun & Hurricane Cycling Team,12,
1478,0,HØYDAHL Jonas Kind,Team Visma | Lease a Bike Development,12,
1479,2038,JÓNSSON Kristinn,Team Give Steel,12,
1480,1096,VELIA Olsian,Sidi Ali - Unlock Sports Team,12,
1481,0,KIPKEMBOI KIPLAGAT Cornelius,,12,
1482,0,KOK Mun Wa,,12,
1483,0,ZAGOREANU Dumitru,,12,
1484,0,CAO Houwang,Camp Cycling Team,12,
1485,1014,WHITE Conor,Jakroo Handsling Racing,12,
1486,0,NURIYEV Nofal,,12,
1487,1791,PAVÓN Rubén Sebastián,Banco Industrial - 4WD Rent a Car,12,
1488,1671,SILVA Afonso,Team Tavira / Crédito Agrícola,12,
1489,885,MEENS Johan,Aarco,12,
1490,1072,MAHOUDO Nolann,VC Pays de Loudéac,12,
1491,0,DOLTAIRE Alex,Vendée U Primeo Energie,12,
1492,0,DESRIAC Loïc,Prowheel Kung Shenzhen Cycling Team,12,
1493,0,MATIAS João,Tavfer-Ovos Matinados-Mortágua,12,
1494,1300,BUSTAMANTE Adrián,,12,
1495,1703,AUS Aaron,Quick Pro Team,12,
1496,0,SKOK Anže,Kolesarski Klub Novo Mesto,12,
1497,808,CHAIYASOMBAT Thanakhan,Thailand Continental Cycling Team,12,
1498,673,CHESINI Cesare,MBH Bank CSB Telecom Fort,12,
1499,364,CHAWCHIANGKWANG Peerapol,Thailand Continental Cycling Team,11,
1500,2144,ALONSO Agustín,,11,
1501,1774,JANIKULOV Samandar,7 Saber Uzbekistan Cycling Team,11,
1502,2510,KESSLER Cole,Modern Adventure Pro Cycling,11,
1503,0,PARETA Roger,Movistar Team Academy,11,
1504,0,PETERS Marvin,EEW-VDK Cyclingteam,11,
1505,1576,GOLLIKER Joshua,EF Education - Aevolo,11,
1506,0,RODRIGUEZ Angel,,11,
1507,0,CUBILLAS Javier,Movistar Team Academy,11,
1508,1681,STRAVERS Jarri,Universe Cycling Team,11,
1509,2252,RIAHI Anes,Madar Pro Cycling Team,11,
1510,1243,MERLÖV Ville,BHS - PL Beton Bornholm,11,
1511,0,CZASA Moritz,Hucare Factory Team,11,
1512,1471,CASTAÑO Sebastián Alexander,Team Sistecredito,11,
1513,1275,DUBA Maxime,Azerion / Villa Valkenburg,11,
1514,1410,VANDEPUTTE Niels,Alpecin-Premier Tech Development Team,11,
1515,792,CROCKETT Finn,VolkerWessels Cycling Team,11,
1516,0,EDINGER Roei,NSN Development Team,11,
1517,944,FOUGNER Eivind Broholt,Unibet Rose Rockets,11,
1518,0,FRATICELLI Luca,Vega - Vitalcare - Dynatek,11,
1519,757,VANÍČEK Šimon,ATT Investments,11,
1520,0,ROSS Kent,Cascadia,11,
1521,0,PIKU Leo,,11,
1522,0,YUDHA Terry,Jakarta Pro Cycling Team,11,
1523,1150,CAMPBELL Akill,,11,
1524,1056,DA CRUZ Nelio,,11,
1525,1715,BEZZA Quentin,SCO Dijon Team Matériel-Velo.com,11,
1526,1201,VEDEL Gabin,Convergence SC Abymienne Propreté 2000,11,
1527,0,MCDONALD Brody,Modern Adventure Pro Cycling,11,
1528,1019,LOPEZ Carlos Juan,GW Erco SportFitness,11,
1529,0,HELTA Filip,Mazowsze Serce Polski,11,
1530,2371,HABERT Axel,Montluçon Cyclisme,11,
1531,2300,WEMMERS Thijs,GRC Jan van Arckel,11,
1532,0,CÓRDOVA Juan,Espectro Cycling Team,11,
1533,2140,JUMCHAT Nattapol,Thailand Continental Cycling Team,10,
1534,709,CLARKE Simon,,10,
1535,657,EPIS Giosuè,Gallina Ecotek Lucchini,10,
1536,0,AMIRI Yousuf,,10,
1537,695,YIĞIT Tahir Buğra,Spor Toto Cycling Team,10,
1538,0,GARDNER James,Terengganu Cycling Team,10,
1539,1259,GIBBONS Ryan,Fly Cool Collective,10,
1540,990,MILLER Alex,,10,
1541,843,JUNG Wooho,Seoul Cycling Team,10,
1542,1484,VANGHELUWE Warre,Soudal Quick-Step,10,
1543,0,CAUDELL Ezra,Modern Adventure Pro Cycling,10,
1544,1225,TORRES Albert,Movistar Team,10,
1545,837,DE BUYST Jasper,Lotto Intermarché,10,
1546,1140,JAKOBSEN Fabio,Team Visma | Lease a Bike,10,Joe
1547,0,GROSPE Ismael Jr.,Victoria Sports Pro Cycling,10,
1548,1423,GELEIJN Owen,Unibet Rose Rockets,10,
1549,0,MOURIS Michiel,Red Bull - BORA - hansgrohe Rookies,10,
1550,0,IACCHI Alessandro,Solution Tech NIPPO Rali,10,
1551,0,NIELSEN Emil Nymand,NSN Development Team,10,
1552,0,ERRIPA Nehuén,Bialini Wheellab,10,
1553,0,CHALEIL Louis,Decathlon CMA CGM Development Team,10,
1554,2061,RACCAGNI Gabriele,Team Polti VisitMalta,10,
1555,0,CRUZ Nahuel,,10,
1556,903,SHICHKIN Vlas,Lokomotiv Manas,10,
1557,0,RUIZ Bredio,Senafront,10,
1558,1103,LEDESMA Gerard,VC Fukuoka,10,
1559,1884,CHZHAN Igor,Quick Pro Team,10,
1560,0,CORRELL Alexander,CCACHE x BODYWRAP,10,
1561,0,ÁGUILAR Jonathan,Manza Té La Selva No Varix,10,
1562,0,SWAN Bailey,Zappi Racing Team,10,
1563,0,FORBES James,Qinghai Tianyoude Hotel Cycling Team,10,
1564,1910,LÓPEZ Joseba,Caja Rural - Seguros RGA,10,
1565,623,CORKERY Dillon,Team Picnic PostNL,10,
1566,0,NEMBRINI Diego,General Store - Essegibi - F.Lli Curia,10,
1567,0,ALHAJERI Abdulaziz,Dubai Residence Cycling Club,10,
1568,1094,HAUGSTED Conrad,Team ColoQuick,10,
1569,1554,VARELA Leandro,,10,
1570,0,ORINS Robin,Lotto Intermarché,10,
1571,831,GELDERS Gil,Soudal Quick-Step,10,
1572,0,ARMSTRONG Thomas,Wheelbase - Cabtech - Castelli,10,
1573,354,HAJEK Alexander,Red Bull - BORA - hansgrohe,10,
1574,1811,VAN SCHIP Jan-Willem,Azerion / Villa Valkenburg,10,
1575,2470,MAJEWSKI Kacper,Wibatech Lubelskie Perła Polski,10,
1576,0,URKAREGI Eñaut,Lidl - Trek Future Racing,10,
1577,2408,NAKKEN Tobias Risan,Team Drali - Repsol,10,
1578,1255,RÖBER Dominik,Team Vorarlberg,10,
1579,1524,STELLA Davide,UAE Team Emirates Gen Z,10,
1580,1862,VĂIDIAN Iustin-Ioan,MENtoRISE Teem CCN,10,
1581,1163,DE FABRITIIS Gabriele,Gragnano Sporting Club,10,
1582,840,LOPES Lucas,Efapel Cycling,10,
1583,0,BOSCARO Davide,S.C. Padovani Polo Cherry Bank,10,
1584,2217,ILBOUDO Soumaila,,10,
1585,0,ÖVERMARK Riku,,10,
1586,0,FERREIRA Louis,Anicolor / Campicarn,10,
1587,1761,PRECUP Horea-Stefan,,10,
1588,0,FIDEL Esnard,,10,
1589,0,CISSÉ Fidèle,,10,
1590,2096,VALENTI Luke,Club Ciclista Padronés - Cortizo,10,
1591,2247,JANG Kyung-Gu,,10,
1592,0,SIKHONDZE Sihlangu Ntsetse,,10,
1593,1610,MAHMUTOVIĆ Amir,,10,
1594,1950,CANASTUJ José David,Eca Electricidad Ciclismo,10,
1595,776,ALEMAYO Tekle,China Meitan Cycling Team,10,
1596,1773,DEL ROSARIO Juan Carlos,,10,
1597,0,DUARTE Thiago,,10,
1598,0,MARKOVSKI Kiril,,10,
1599,0,VANDERPOOL Gregory,Team Cadence Cyclery p/b Waldo Racing,10,
1600,1742,QUISPE Alaín Rossbel,,10,
1601,0,SHIVIKOV Koycho,,10,
1602,0,PHAPHO Volavath,,10,
1603,0,BOŠNJAK Fran,,10,
1604,0,OLARS Anton,Svealand Cycling Team,10,
1605,0,SOW Nar,,10,
1606,0,YIP Ga Cheng,,10,
1607,0,HOSSEINI Hadi,,10,
1608,0,ERDENEBAT Bilguunjargal,Prowheel Kung Shenzhen Cycling Team,10,
1609,0,ALMANE Abdel Azez,,10,
1610,0,KOUAME Konan Olivier,,10,
1611,0,COTTON Otis,,10,
1612,0,BARRETO DA COSTA José Carlos,,10,
1613,1651,VANDEN HEEDE Lars,Soudal Quick-Step Devo Team,10,
1614,2199,FERRARO Santiago,Bardiani CSF 7 Saber,10,
1615,0,BODET Vincent,Vendée U Primeo Energie,10,
1616,1276,RAKAOTA Khotsofalang,,10,
1617,722,VAN DER HOORN Taco,Lotto Intermarché,10,
1618,1429,ALBA Juan Diego,Nu Colombia,10,
1619,2110,SESSLER Nícolas,Victoria Sports Pro Cycling,10,
1620,1605,PINTO Luis,,10,
1621,0,O'CONNOR Ronan,APS Pro Cycling by Team Cadence Cyclery,10,
1622,0,MAZUKI Nur Amirul Fakhruddin,Terengganu Cycling Team,10,
1623,0,ANSARI Amir Arsalan,Lucky Sport Cycling Team,10,
1624,1526,MARUKHIN Daniil,Huansheng - Vonoa - Taishan Sport Team,10,
1625,1488,MATUTE Fredd,Banco Industrial - 4WD Rent a Car,10,
1626,1625,WAIS Ahmad Badreddin,Team 74 - Haute-Savoie,10,
1627,1918,BÁRTA Tomáš,Istanbul Team,9,
1628,965,KESSLER Bruno,Tudor Pro Cycling Team U23,9,
1629,0,MCGILL Scott,Modern Adventure Pro Cycling,9,
1630,1711,SERVRANCKX Gauthier,Soudal Quick-Step Devo Team,9,
1631,1483,FANTINI Christian,Solme - Olmo - Arvedi,9,
1632,0,ZAHÁLKA Matěj,Kasper crypto4me,9,
1633,1099,LUCCA Riccardo,Quick Pro Team,9,
1634,2207,SKRAPCIS Olivers Jēkabs,Energus Cycling Team,9,
1635,1782,KLIMAVIČIUS Nikolas,Energus Cycling Team,9,
1636,0,FIORIN Matteo,Solme - Olmo - Arvedi,9,
1637,0,SCHOUREN Jip,Wielerploeg Groot Amsterdam,9,
1638,1254,DORUSSEN Johan,Metec - SOLARWATT p/b Mantel,9,
1639,0,FABBRO Riccardo,UC Trevigiani - Energiapura Marchiol,9,
1640,0,HOFER Valentin,Bahrain Victorious Development Team,9,
1641,2112,VAN STRIJTHEM Matijs,Soudal Quick-Step Devo Team,9,
1642,1922,LE NY Jean-Louis,Veloce Club Rouen 76,9,
1643,2311,GROß Felix,Team Standert Brandenburg  ,9,
1644,1434,YMERI Albion,,9,
1645,1079,ÖRKEN Ahmet,Spor Toto Cycling Team,9,
1646,0,POON Chung Kiat,,9,
1647,0,ISRAFILOV Tural,,9,
1648,1286,TOSCANO Bill Janz,,9,
1649,1177,TREPTE Liam,,9,
1650,0,ŠARAC Srđan,,9,
1651,1669,CAMILLERI John,,9,
1652,0,PAPIASHVILI Ivane,,9,
1653,0,VAN KLEEF Mark,Sensa - Kanjers voor Kanjers,9,
1654,0,DEVEZ Thomas,,9,
1655,1448,VILORIA Enmanuel David,Team Fam Birdman Level Up,8,
1656,1450,OBANDO Bryan Raul,GW Erco SportFitness,8,
1657,1515,LANGE Tyler,,8,
1658,0,MATSUI George,Aisan Racing Team,8,
1659,334,DOUBEY Fabien,TotalEnergies,8,
1660,1527,PAREJA Nichol Blanca,Victoria Sports Pro Cycling,8,
1661,1446,BORRESCH Julian,REMBE | rad-net,8,
1662,0,UPTEGROVE Ed,EEW-VDK Cyclingteam,8,
1663,0,BRENNER Mauro,REMBE | rad-net,8,
1664,0,WATTELLE Célestin,Team Novo Nordisk,8,
1665,2010,RIVERA Loyd Yuan,,8,
1666,1860,GOMEZ Luis António,Fina Arroz CES Multimarcas Bancamiga,8,
1667,1135,GROSU Eduard-Michael,,8,
1668,0,RÄIM Mihkel,Quick Pro Team,8,
1669,0,CARRASCOSA Pablo,Equipo Kern Pharma,8,
1670,0,MOHD NAWAWI Muhamad Iqbal Daniel,Malaysia Pro Cycling,8,
1671,2468,CARSTENSEN Magnus,EF Education - Aevolo,8,
1672,0,NESBITT Jake,Butterfields Ziptrak Racing,8,
1673,0,RAWSON Dylan,St Kilda Cycling Club,8,
1674,0,KRAINER Taruia,,8,
1675,0,VISSER Guillaume,EEW-VDK Cyclingteam,8,
1676,0,JACQUES Lucas,Color Code - Alu Center,8,
1677,0,INION Sander,DVZ Cycling team,8,
1678,0,CHAPLIN Sam,Jakroo Handsling Racing,8,
1679,647,DOWNES Brandon,Tshenolo Pro Cycling Team,8,
1680,2099,ZANGERLE Emanuel,Team Vorarlberg,8,
1681,0,MRAOUNI Salah Eddine,,8,
1682,1071,REYES Yeison Sebastian,Orgullo Paisa,8,
1683,1018,ARDILA Andrés Camilo,Nu Colombia,8,
1684,2327,MOLINA Igor Teodoro,Andbank Cycling Team,8,
1685,1326,SCHULTZ Elliot,Victoire Hiroshima,8,
1686,0,VASSAL Théophile,Decathlon CMA CGM Development Team,8,
1687,1082,AGOSTINACCHIO Filippo,Biesse - Carrera - Premac,8,Gemini's Hipsters
1688,0,SIMS Oliver,Velo Club Avezzano LineaOro Bike,8,
1689,1024,KEE Zhe Yie,Terengganu Cycling Team,8,
1690,1216,HEMING Miká,ATT Investments,8,
1691,784,FORTIN Filippo,Hrinkow Advarics,8,
1692,1418,BROOKES Joseph,AVC Aix Provence Dole,8,
1693,1654,MONTENEGRO Santiago,Best PC Ecuador,8,
1694,0,ŁĄTKOWSKI Dawid,Voster Team,8,
1695,1187,RODAS Manuel,Decorabaños - Bantrab,8,
1696,1394,NASTEVSKI Slobodan,,8,
1697,0,ZUMSTEIN Melk,Velo Club Mendrisio,8,
1698,0,KIMBER George,ESEG Douai,8,
1699,1512,LITLERE Sverre,Run & Race - Solarpur,8,
1700,2049,MILLET Hugo,Mayenne-Monbana-Rapido,8,
1701,1226,BEHRENS Niklas,Team Visma | Lease a Bike,8,
1702,0,AREIAS Thales Fernando,Andbank Cycling Team,8,
1703,0,ZUMSTEG Nicola,Biesse - Carrera - Premac,8,
1704,1549,PAREDES Anderson Timoteo,,7,
1705,1892,GOYO Jesus Miguel,Fina Arroz CES Multimarcas Bancamiga,7,
1706,1714,LADNGERN Peerapong,,7,
1707,1893,MAESTRE Winston José,Caja Rural - Alea,7,
1708,1066,REYNDERS Jens,Qatar Pro Team,7,
1709,0,HADEN Glenn,,7,
1710,0,SAKUNTAE Thanapat,,7,
1711,0,HANEKOM Jaques,,7,
1712,0,WILSON Matthew,,7,
1713,0,RAVLA Prateek,,7,
1714,753,OKAMIKA Ander,Burgos Burpellet BH,7,
1715,2353,ORANZA Ronald,Standard Insurance PHI,7,
1716,1562,LUCERO Jericho,Go For Gold Philippines,7,
1717,0,OBLAK Gal,Factor Racing,7,
1718,0,RAMIREZ Cristobal Ignacio,,7,
1719,0,RAUS Jerome,AVC Aix Provence Dole,7,
1720,0,BAPTISTA Gabriel,Technosylva Rower Bembibre,7,
1721,966,KERGOZOU DE LA BOESSIERE Nick,St George Continental Cycling Team,7,
1722,0,AGUIRRE Yago,Euskaltel - Euskadi,7,
1723,973,DYBALL Benjamin,FNIX - SCOM - Hengxiang Cycling Team,7,
1724,0,BERGAUD Sacha,SCO Dijon Team Matériel-Velo.com,7,
1725,0,DE GENDT Leander,Bahrain Victorious Development Team,7,
1726,0,JONES Toby,CCACHE x BODYWRAP,7,
1727,0,TORRES Melvin,Hino One La Red Suzuki,7,
1728,0,ALKAABI Saif,Shabab Al Ahli Cycling Team,7,
1729,1445,MAŚLAK Piotr,Voster Team,7,
1730,0,JUAREZ Daniel Omar,,7,
1731,850,REDAE Bizay Tesfu,Madar Pro Cycling Team,7,
1732,0,ADEL ELZOGHABY Abdelrahman,,7,
1733,0,NIELSEN Magnus Lorents,Atom 6 Bikes - Cycleur de Luxe - Auto Stroo Team,7,
1734,0,BARUSSEAU Mathéo,Vendée U Primeo Energie,7,
1735,0,AMANN Meo,Embrace The World,7,
1736,0,SQUIRE Ben,DCR Cycling Team,7,
1737,1901,PEZZO ROSOLA Kevin,General Store - Essegibi - F.Lli Curia,7,
1738,1855,MARTINGIL César,Tavfer-Ovos Matinados-Mortágua,7,
1739,953,VÁSQUEZ Juan Mardoqueo,Hino One La Red Suzuki,7,
1740,0,MIKKELSEN Pelle Køster,AIRTOX - Carl Ras,7,
1741,0,VEENIS Vigo,Volharding Cycling Team,7,
1742,1116,SWIRBUL Keegan,Efapel Cycling,7,
1743,1165,GUTIERREZ Carlos Alberto,Nu Colombia,7,
1744,0,DO NASCIMENTO Rodrigo,Localiza Meoo / Swift Pro Cycling,7,
1745,0,EFRIEM Nahom,BIKE AID,7,
1746,1159,OYOLA Róbigzon Leandro,Team Medellín - EPM,7,
1747,0,RICO Cristian David,Nu Colombia,7,
1748,1260,KLARIS Magnus Bak,AIRTOX - Carl Ras,7,
1749,1125,MAROLT Jaka,Factor Racing,7,
1750,1428,GINESTRA Lorenzo,Swatt Club,7,
1751,0,GRECHISHKIN Vadim,PC Baix Ebre,7,
1752,2130,JANSSEN Christoph,FNIX - SCOM - Hengxiang Cycling Team,7,
1753,0,BIANCALANI Andrea,Beltrami TSA Tre Colli,7,
1754,2330,TOFTEMARK Lucas,AIRTOX - Carl Ras,7,
1755,178,EDVARDSEN-FREDHEIM Stian,Uno-X Mobility,7,
1756,0,NIKAČEVIĆ Rastko,Team United Shipping,7,
1757,1853,SWENNE Delano,VolkerWessels Cycling Team,7,
1758,1181,DODD Matthew,Netcompany INEOS Racing Academy,7,
1759,0,YAMAMOTO Tetsuo,Team UKYO,7,
1760,2167,BASARABA Mykhailo,UC Monaco,7,
1761,0,LECAMUS-LAMBERT Florentin,Veloce Club Rouen 76,7,
1762,0,ERBERVELD Jorik,Dutch Food Valley Cycling Team,7,
1763,853,PIDCOCK Joseph,Pinarello Q36.5 Pro Cycling Team,7,Joe
1764,2219,TEPPO Petja,UN Cycling Team,7,
1765,1176,ABDURRAHMAN Muhammad,Jakarta Pro Cycling Team,7,
1766,1545,MENSAH Ezer,Team Baobab World Cola,7,
1767,0,KAMAU Davis,,7,
1768,0,SANDIE Jonathan,,7,
1769,2236,LAO Long San,,7,
1770,0,CELESTIN Joshua,,7,
1771,0,HARITONOV Andrei,,7,
1772,0,CARBUNAREA Andrei,CC Villeneuve Saint Germain,7,
1773,0,HEI LAU Wan,,7,
1774,0,LIU Qihua,,7,
1775,0,JOSEPH Eltus,,7,
1776,2181,DJIRE Daouda,,7,
1777,0,MORGUN Ghennadii,,7,
1778,2277,MORGAN Carl,,7,
1779,1282,MANSOURI Hamza,Madar Pro Cycling Team,7,
1780,1770,SIMON Semen,Ukraine Cycling Team,7,
1781,1772,PEDEN George,Team PB Performance,7,
1782,1392,CHOE Hyeong Min,,7,
1783,0,HICIANO Joshua,,7,
1784,0,NG Jun Hao Cyrus,,7,
1785,1441,TALIĆ Kadija,,7,
1786,2443,LEGOVIĆ Martin,,7,
1787,0,MNISI Samkeliso,,7,
1788,0,GONZÁLEZ André Alexander,,7,
1789,2264,SAVIĆ Živko,,7,
1790,0,REYES Denis Stiven,,7,
1791,0,OTTONIEL CHONAY Wilson,Hino One La Red Suzuki,7,
1792,2109,WANG Kuicheng,Bodywrap LTwoo Cycling Team,7,
1793,0,LEMA Yared,,7,
1794,1781,HOVORUN Bogdan,Ukraine Cycling Team,7,
1795,0,VUČKOVIĆ Jovan,,7,
1796,0,GURBANOV Ali,,7,
1797,0,MARTE Roger,,7,
1798,0,DAVIDOV Igor,,7,
1799,0,KOUSIS Georgios,Eiser-Hirumet,7,
1800,2022,ECHAHED Ahmed,Sidi Ali - Unlock Sports Team,7,
1801,0,KRSTOV Mihail,,7,
1802,0,CLARKE Philip,,7,
1803,1790,MACK Newell,,7,
1804,0,KARLSSON Anton,,7,
1805,0,FALL Dame,,7,
1806,720,NSENGIYUMVA Shemu,,7,
1807,0,SEYED GHALICHI Seyed Milad Mohammad,,7,
1808,2156,VERGOUW Julian,Metec - SOLARWATT p/b Mantel,7,
1809,0,POELVOORDE Tars,Lotto - Groupe Wanty,7,
1810,1799,DIXON Jaequan,,7,
1811,0,MOUNI Vincent,,7,
1812,0,LUTTEKES Dick,,7,
1813,0,MIKLOS Mota,,7,
1814,0,MITCHELL Adam,Vendée U Primeo Energie,7,
1815,2051,URCEL Damien,Team Madras Capesterre Belle-Eau,7,
1816,0,MNTUYEDWA Lisakhanya,,7,
1817,0,VELIAMOV Daniiar,,7,
1818,0,DE CLERCK Niels,Urbano-Vulsteke-Bumaco Cycling Team,7,
1819,0,RULLIER Hans,Mayenne-Monbana-Rapido,7,
1820,2134,MAGNO RABELO Euller,Andbank Cycling Team,7,
1821,0,TROUVAIN Alexandre,Development Team Picnic PostNL,7,
1822,1685,VAN DER TUUK Danny,Euskaltel - Euskadi,7,
1823,0,SHELTON Noah,Project Echelon Racing,7,
1824,0,HUERA Dauleth,Aguila Team,7,
1825,0,GRANBERG Sander,Team Drali - Repsol,7,
1826,0,VEELERS Teun,Azerion / Villa Valkenburg,7,
1827,0,GIL Gusneiver Jose,Team Fam Birdman Level Up,6,
1828,1873,PINAZZI Mattia,Bardiani CSF 7 Saber,6,
1829,1246,LIM Jongwon,LX Cycling Team,6,
1830,1958,KEY Adrian,,6,
1831,954,PÉREZ Ciro,AVC Aix Provence Dole,6,
1832,0,YIP Hon Man,Equipo Finisher - Kern Pharma,6,
1833,1122,AGNOLETTO Blake,Groupama-FDJ United CT,6,
1834,2403,MELLBY Joel,Lucky Sport Cycling Team,6,
1835,0,CARTY Jahkim,Nice Métropole Côte d'Azur,6,
1836,826,MEDHANIE Natan,,6,
1837,0,FRIEDL Anatol,Red Bull - BORA - hansgrohe Rookies,6,
1838,0,BERNARD Thibaut,Lotto - Groupe Wanty,6,
1839,1539,LECROQ Jérémy,St Michel - Preference Home - Auber93,6,
1840,0,VILLAR Iker,Caja Rural - Seguros RGA,6,
1841,891,SEXTON Tom,St George Continental Cycling Team,6,
1842,480,GUARDEÑO Jaume,Caja Rural - Seguros RGA,6,
1843,0,LANE WELSH Tali,CCACHE x BODYWRAP,6,
1844,2222,FERNANDEZ Kendall,,6,
1845,1881,ZANINI Simone,XDS Astana Development Team,6,
1846,0,MERNIK Sven Aleksander,Team Visma | Lease a Bike Development,6,
1847,0,MUSIALIK Jakub,Wibatech Lubelskie Perła Polski,6,
1848,2186,MARTINI Marco,Team Technipes #inEmiliaRomagna Caffè Borbone,6,
1849,0,HOMRIGHAUSEN Heiko,Embrace The World,6,
1850,0,WEBER Maximilian,Hucare Factory Team,6,
1851,0,BENGAYOU Abdelraouf,Mouloudia Club d&#039;Alger,6,
1852,0,HOYOS Juan Diego,Team Sistecredito,6,
1853,1752,MCDUNPHY Conn,APS Pro Cycling by Team Cadence Cyclery,6,
1854,0,DE NEVE Joerik,B-Close Bal-Enzo Cycling Team,6,
1855,1728,RAMSAY Noah,Alpecin-Premier Tech Development Team,6,
1856,2487,LÓPEZ Ian,Modern Adventure Pro Cycling,6,
1857,0,ERWOOD Marshall,Whoosh - NZ Cycling Project,6,
1858,0,UWIDUHAYE Mike,Benediction Banafrica Team,6,
1859,0,CORON Justin,Veloce Club Rouen 76,6,
1860,1435,ROMERO Jorge,,6,
1861,0,PETROVSKI Aleksandar,,6,
1862,2033,WEATHERED Sean,,6,
1863,0,BOOS Benjamin,REMBE | rad-net,6,
1864,0,BLANC Gustave,Red Bull - BORA - hansgrohe Rookies,6,
1865,220,EEKHOFF Nils,Team Picnic PostNL,6,
1866,1250,NOLDE Tobias,Team Vorarlberg,6,
1867,0,VIEZZI Stefano,Alpecin-Premier Tech Development Team,6,
1868,0,CRESCIOLI Giosuè,Gallina Ecotek Lucchini,6,
1869,0,ZLATEV Radostin,PSKK Vassil-Levski,6,
1870,0,BOCXE Stein,SwABo Cyclingteam,6,
1871,1437,ŽUMER Matic,ARBÖ Kärnten Sport Feld am See,6,
1872,1311,ROTA Raúl,Prowheel Kung Shenzhen Cycling Team,6,
1873,0,FONTAINE Titouan,Groupama - FDJ United,6,
1874,0,COLMENARES Jad Sair,,5,
1875,1813,SUTER Joel,Tudor Pro Cycling Gravel,5,
1876,0,STEVENSON Lucas,Team Brennan,5,
1877,1650,XU Shi Ru,,5,
1878,0,MASSA Dylan,Nice Métropole Côte d'Azur,5,
1879,1191,CHRISTIAN Sean,Modern Adventure Pro Cycling,5,
1880,2313,VAN REES Christiaan,Development Team Picnic PostNL,5,
1881,1914,KMÍNEK Vojtěch,Burgos Burpellet BH,5,
1882,1430,VAN DEN BOER Seppe,Tudor Pro Cycling Team U23,5,
1883,0,ZAFRA Marc,Soudal Quick-Step Devo Team,5,
1884,0,BARUZZI Francesco,Team Visma | Lease a Bike Development,5,
1885,1530,MEO Felix James,Solution Tech NIPPO Rali,5,
1886,0,POLGA Antonio,Team Novo Nordisk,5,
1887,0,BRAND Sam,Team Novo Nordisk,5,
1888,0,ARMITT Hamish,Team Novo Nordisk,5,
1889,0,POLI Umberto,Team Novo Nordisk,5,
1890,1145,GONZELI Otavio Augusto,Localiza Meoo / Swift Pro Cycling,5,
1891,0,VAN DEN HAUTE Milan,Team Flanders - Baloise,5,
1892,2133,VAN DER WAL Rik,EEW-VDK Cyclingteam,5,
1893,0,FERNÁNDEZ Samuel,Euskaltel - Euskadi,5,
1894,0,VILLATE Ibai,Movistar Team Academy,5,
1895,1211,SMITHSON Jed,Hagens Berman Jayco,5,
1896,0,HAYDON-SMITH Rohan,St George Continental Cycling Team,5,
1897,0,HEATH Will,CCACHE x BODYWRAP,5,
1898,0,RAMOS Unai,Equipo Kern Pharma,5,
1899,0,CARPENTER Robin,Modern Adventure Pro Cycling,5,
1900,1425,VANDENBRANDEN Noah,Team Flanders - Baloise,5,
1901,0,CUSACK Nathan,EF Education - Aevolo,5,
1902,2308,ZANUTTA David,XDS Astana Development Team,5,
1903,0,MORANG Mil,Team Lotto Kern-Haus Outlet Montabaur,5,
1904,2162,ŤOUPALÍK Adam,Unibet Rose Rockets,5,
1905,0,SCHLEUNIGER Nicola,Run & Race - Solarpur,5,
1906,766,JOUSSEAUME Alan,TotalEnergies,5,
1907,559,HABTEAB Yoel,BIKE AID,5,
1908,0,CHOBLET Pierre,VC Pays de Loudéac,5,
1909,0,WELCH Patrick,APS Pro Cycling by Team Cadence Cyclery,5,
1910,0,NAT Joost,BEAT CC p/b Saxo,5,
1911,1227,CONCA Filippo,Team Jayco AlUla,5,
1912,316,FORMOLO Davide,Movistar Team,5,
1913,0,DE OLIVEIRA Gustavo Xavier,Clube Maringaense de Ciclismo,5,
1914,2185,ODA Hijiri,Aisan Racing Team,5,
1915,0,HANNES Victor,Aarco,5,
1916,0,MENANTEAU Lucas,Vendée U Primeo Energie,5,
1917,0,DIGNANI Filippo,Vega - Vitalcare - Dynatek,5,
1918,0,COOMAN Kjell,B-Close Bal-Enzo Cycling Team,5,
1919,0,FEDOR Samuel,Dukla Banska Bystrica,5,
1920,1424,RAUGEL Antoine,Van Rysel Roubaix,5,
1921,0,DUQUE Mateo,Atom 6 Bikes - Cycleur de Luxe - Auto Stroo Team,5,
1922,1459,HICKS Dylan,UN Cycling Team,5,
1923,0,WIŚNIEWSKI Szymon,Wibatech Lubelskie Perła Polski,5,
1924,1092,IVANOV Timofei,Wheeltop Rotor Chengdu Team,5,
1925,0,KYAVIRO Joël,,5,
1926,0,ROY Jacob,Project Echelon Racing,5,
1927,0,AAGAARD HANSEN Tobias,Team ColoQuick,5,
1928,692,WALLIN Rasmus Bøgh,Team Cranks,5,
1929,0,RODENBERG Frederik,STARK - Peter Ellegaard Track Team powered by SANA,5,
1930,0,GABOUREL Goran,,5,
1931,0,MUCHIRI John,Team Amani,5,
1932,0,HADZHISTOYANOV Borislav,PSKK Vassil-Levski,5,
1933,0,SZIJÁRTÓ Zétény,Team United Shipping,5,
1934,2208,PETIT Clément,Veloce Club Rouen 76,5,
1935,0,CONOR Paul,Vendée U Primeo Energie,5,
1936,1690,BONILLO Iker,Feira dos Sofás - Boavista,5,
1937,970,ROOSEN Timo,Team Picnic PostNL,5,
1938,0,BRAVO Felipe,GW Erco SportFitness,5,
1939,1531,WOOD Harrison,Feirense - Beeceler,5,
1940,0,RUHE Julien,Kelly Benefits Cycling Team,5,
1941,0,GARNEK Ksawier,Mazowsze Serce Polski,5,
1942,0,PAULOUIN Gaspard,SCO Dijon Team Matériel-Velo.com,5,
1943,1622,PAPANOV Martin,Team CYTO TRIGON,5,
1944,1230,OCAMPO Victor,Team Medellín - EPM,5,
1945,0,CONSOLIDANI Leonardo,Bahrain Victorious Development Team,5,
1946,0,PALMA Anderson David,Cine Cable Serviproc,5,
1947,0,HINDS Max,Netcompany INEOS Racing Academy,5,
1948,1454,VERBURG Luke,Azerion / Villa Valkenburg,5,
1949,0,COOK Leighton,Atom 6 Bikes - Cycleur de Luxe - Auto Stroo Team,4,
1950,0,QUINTERO Antoni Samuel,Alicanto Consulting G Kino Tachira,4,
1951,0,MADAN Ahmed,Bahrain Victorious Development Team,4,
1952,0,DE LANGE Tristan,,4,
1953,0,KARALIOK Yauheni,,4,
1954,0,PRESBURY Jeremy,Whoosh - NZ Cycling Project,4,
1955,0,SIBINDI Amos,,4,
1956,0,VAN DER WESTHUIZEN Theuns,,4,
1957,0,ZHANG En Teng,,4,
1958,0,HINO Taisei,Shimano Racing Team,4,
1959,0,BUSH Jacob,Development Team Picnic PostNL,4,
1960,0,CARCUEVA Jonel,7Eleven Cliqq Roadbike Philippines,4,
1961,0,ROSAS Brayan,,4,
1962,0,GAMBA Thomas,General Store - Essegibi - F.Lli Curia,4,
1963,2373,CÁRDENAS Vicente,,4,
1964,0,KEPPENS Cedric,Team Visma | Lease a Bike Development,4,
1965,0,NILSSON-JULIEN Oscar,AVC Aix Provence Dole,4,
1966,908,LEIJNSE Enzo,Anicolor / Campicarn,4,
1967,0,INGLIS Toby,Team Brennan,4,
1968,0,KORTLEVE Bart,Metec - SOLARWATT p/b Mantel,4,
1969,0,BILYI Maksym,Club Ciclista Padronés - Cortizo,4,
1970,1359,ALSABBAGH Mohammad,,4,
1971,1051,HUYS Laurens,Nice Métropole Côte d'Azur,4,
1972,0,TICHLER Thomas,WSA KTM Graz,4,
1973,0,SOSA Jorge,,4,
1974,0,ABD HALIM Muhammad Shahmir Aiman,Terengganu Cycling Team,4,
1975,1027,BERNAS Paweł,Voster Team,4,
1976,0,MOHAMED Moustafa Yasien,,4,
1977,0,ROMMELAERE Iben,Tarteletto - Isorex,4,
1978,0,ESSEMIANI Nasrallah,Madar Pro Cycling Team,4,
1979,1694,EMİŞCİ Ferhat,Spor Toto Cycling Team,4,
1980,0,HARTER Luca,Hucare Factory Team,4,
1981,0,BUGGE Markus,CeramicSpeed Racing p/b Aros Forsikring ,4,
1982,0,CARVALHO André,Aviludo - Louletano - Loulé,4,
1983,2363,BAK Simon,Team Give Steel,4,
1984,0,PERA Marceli,Energus Cycling Team,4,
1985,0,FRANQUESA Adria,Óbidos Cycling Team ,4,
1986,0,DE SUTTER Stijn,B-Close Bal-Enzo Cycling Team,4,
1987,1228,KAŠKO Dávid,Dukla Banska Bystrica,4,
1988,0,JORGE Edgar,Bourg-en-Bresse Ain Cyclisme,4,
1989,532,ZERAY Nahom,Team UKYO,4,
1990,1825,CAROLLO Francesco,Swatt Club,4,
1991,2009,TANI Junsei,Astemo Utsunomiya Blitzen,4,
1992,0,BELLERI Michael,Beltrami TSA Tre Colli,4,
1993,2386,VANGSØ NIELSEN Thor,AIRTOX - Carl Ras,4,
1994,1987,CIPOLLINI Edoardo,MBH Bank CSB Telecom Fort,4,
1995,0,PROKOPYSZYN Filip,Klub Kolarski Tarnovia,4,
1996,787,SEVILLA Óscar,Team Medellín - EPM,4,
1997,0,PITKÄNEN Lauri,,4,
1998,0,VAN AERT Bernard,Nusantara Cycling Team,4,
1999,2232,HOUETO Emile,,4,
2000,2297,MARCHUK Dzianis,,4,
2001,0,VÍÐISSON Sigurður,,4,
2002,1727,ABI MANYU Julian,ASC Monsters Indonesia,4,
2003,0,FLOWERS Tarique,,4,
2004,2230,HARASIM Mihnea-Alexandru,Team Skyline,4,
2005,2423,NG Wing Chung,Quick Pro Team,4,
2006,0,MUNGAI Kenneth Karaya,,4,
2007,1600,CHEANG Shing Hei,The Joyrun & Hurricane Cycling Team,4,
2008,0,VOLNEY Andray,,4,
2009,0,ISTRATENCO Vladislav,,4,
2010,0,AMELINE Jerome,,4,
2011,0,XHEMAJLI Arber,,4,
2012,0,TESFALEM Natan,,4,
2013,2015,JUMA Yousef,,4,
2014,0,ZHUMAKAN Alisher,XDS Astana Development Team,4,
2015,2254,MOTSA Thabiso,,4,
2016,0,HANCZ Tamás,,4,
2017,2436,AKPINAR Ahmet Can,Konya Büyükşehir Belediye Spor,4,
2018,0,JURKOVIĆ Toni,,4,
2019,2335,TOC Gerson,Eca Electricidad Ciclismo,4,
2020,0,MENG Shude,China Meitan Cycling Team,4,
2021,0,GEBREZIHER Girmalem,,4,
2022,0,KOUZIS Georgios,,4,
2023,2030,DAŠIĆ Milić,,4,
2024,0,EYVAZOV Shahin,,4,
2025,2426,MAGOSAKI Daiki,Victoire Hiroshima,4,
2026,2242,BRITOS Maicol,,4,
2027,0,EFREM Nftalem,,4,
2028,2285,VILA Emiliano,ASPTT Nancy Meurthe-et-Moselle,4,
2029,0,ECHCHAIB Mouhcine,,4,
2030,0,HOWARD Dominic,,4,
2031,1764,MATOMBÉ Hanson,,4,
2032,0,MEKEM TSAKOU Jordan,SNH Vélo Club,4,
2033,1971,MARTINEZ Diler,,4,
2034,1990,ATENCIO Arquimides,,4,
2035,1402,PALASHEV Borislav,Muğla Büyükşehir Belediyesi Spor Kulübü,4,
2036,0,SIPHAKDY Souksavanh,,4,
2037,2020,PERAN Ian,,4,
2038,0,KÄLL Rasmus,,4,
2039,0,KAMALEDDINE Nafez,,4,
2040,2231,BIN FAISAL Arfan,,4,
2041,1606,NGENDAHAYO Jeremie,May Stars,4,
2042,0,AGHAKASHI Mahdi,,4,
2043,2432,NEMATOV Abdurahmon,7 Saber Uzbekistan Cycling Team,4,
2044,2284,BAILEY Barrington,,4,
2045,1193,VAN SINTMAARTENSDIJK Daan,BEAT CC p/b Saxo,4,
2046,1616,WYSEURE Joran,Alpecin-Premier Tech Development Team,4,
2047,0,PICARD Paul,SCO Dijon Team Matériel-Velo.com,4,
2048,0,WEHBE Jean,,4,
2049,0,VIDAL Victor,BIKE AID,4,
2050,0,XERRI Carl,,4,
2051,0,COMPAORE Isidore,,4,
2052,0,SPIJKER Karl,,4,
2053,0,PERKINS Bradley,7Eleven Cliqq Roadbike Philippines,4,
2054,1537,WALTON Jonas,CIC Pro Cycling Academy,4,
2055,2135,TLOUOE Thato,,4,
2056,0,JACOBS Arne,WILVO Group - TWC De Kempen,4,
2057,0,HOYOS Daniel,Gobernación del Putumayo - Bic - Strongman,4,
2058,0,HUYSMANS Nolan,Team Flanders - Baloise,4,
2059,2120,HUNDT August Birk,Reffen CO:PLAY Giant Store,4,
2060,2121,FALK PAARUP Jakob,Reffen CO:PLAY Giant Store,4,
2061,0,HERTZ Oskar,Reffen CO:PLAY Giant Store,4,
2062,0,TVERGAARD Mikkel,Reffen CO:PLAY Giant Store,4,
2063,0,KAMSTRUP RØSSEL Alexander,Reffen CO:PLAY Giant Store,4,
2064,0,MALLABEKOV Dastan,,4,
2065,1297,GARCÍA José María,MaxSolar - Raymon,4,
2066,0,HAYMA Karst,Metec - SOLARWATT p/b Mantel,4,
2067,0,ZHOROEV Zamirbek,,4,
2068,1465,BERHANE Natnael,Istanbul Team,4,
2069,0,HOZA Denis,Dukla Banska Bystrica,4,
2070,0,MENDEZ Daniel Alejandro,Team Medellín - EPM,4,
2071,0,CLAIN Jeremy,Club Cycliste Saint Louisien,4,
2072,0,BONROY Max,DLS Invigo,4,
2073,1698,HILLEN Michiel,Baloise Verzekeringen - Het Poetsbureau Lions,4,
2074,1519,HUERA Richard,Best PC Ecuador,4,
2075,1749,AHMAD Muhammad Ameer,,4,
2076,0,GRÖMMEL Rens,Dutch Food Valley Cycling Team,4,
2077,0,PARRA Jordan,Foundation Cycling New York,4,
2078,1856,NIELSEN Max,Lucky Sport Cycling Team,4,
2079,0,HOLZKNECHT Jonas,Tirol KTM Cycling Team,4,
2080,988,PHẠM Lê Xuân Lộc,Quick Pro Team,4,
2081,0,HOLGATE Max,St George Continental Cycling Team,4,
2082,1303,GOMEZ Camilo Andres,,3,
2083,0,PEEBLES Andrew,,3,
2084,0,MOCHIZUKI Ren,,3,
2085,0,ÇIÇEK Mehmet,Konya Büyükşehir Belediye Spor,3,
2086,810,DAVY Clément,Nice Métropole Côte d'Azur,3,
2087,0,CASTRO Sebastián,Movistar Team Academy,3,
2088,2406,STIEGER Adrian,Schwingshandl Intralogistics,3,
2089,1846,BRICENO Jaylen,,3,
2090,0,LÉVÊQUE Théo,TotalEnergies,3,
2091,0,ROCA Albert,Caja Rural - Alea,3,
2092,0,LEBOUCHER Anatole,Veloce Club Rouen 76,3,
2093,0,MANDAC Marvin,Go For Gold Philippines,3,
2094,0,RAMADHAN Ilham Dzikri,Nusantara Cycling Team,3,
2095,0,MCADAM Matson,Giant Cycling Team,3,
2096,2076,MOONEN Zeno,Tarteletto - Isorex,3,
2097,2196,GUERINEL Manu,Guidon Chalettois,3,
2098,0,IGOSHEV Egor,Lokomotiv Manas,3,
2099,2203,VESLUM Sebastian,Team Drali - Repsol,3,
2100,0,DRAKE Beckam,EF Education - Aevolo,3,
2401,0,KOH Shi Xun Howard,,1,
2402,0,HAMZAOUI Mohamed Amine,Madar Pro Cycling Team,1,
2403,1783,FILUTÁS Viktor,,1,
2404,1315,MÄEUIBO Markus,Charvieu Chavagneux Isère Cyclisme,1,
2405,0,WOOD Oliver,RCC Racing,1,
2406,0,KADLEC Milan,Kasper crypto4me,1,
2407,0,LANG Yannis,LRG - Cycling Team,1,
2408,0,DOĞAN Halil İbrahim,Muğla Büyükşehir Belediyesi Spor Kulübü,1,
2409,0,ALISPAHIĆ Ibrahim,,1,
2410,0,HARKINS Ģirts,CC Villeneuve Saint Germain,1,
2411,0,BRUŽAS Dovydas,Energus Cycling Team,1,
2412,0,NIU Yikui,Li Ning Star,1,
2413,0,FSEHAYE Semere,,1,
2414,0,TODOROV Anatolii,,1,
2415,0,FEELEY Daire,,1,
2416,0,KOVAČEVIĆ Jovan,,1,
2417,0,TRENDELYOV Maksim,,1,
2418,1788,RODRIGUEZ Frankel,Inteja Imca,1,
2419,0,BEREKET Naod,,1,
2420,0,DA PAIXAO MARQUES Felipe Cristiano,Localiza Meoo / Swift Pro Cycling,1,
2421,1325,DRAKOS Nikolaos Michail,Team United Shipping,1,
2422,0,M'HAH Yassine,Sidi Ali - Unlock Sports Team,1,
2423,0,LASHLEY Matthew,,1,
2424,1385,CELESTIN Torea,,1,
2425,0,SCOTT Steve,,1,
2426,0,SYBOUNKAEN Tounkham,,1,
2427,0,PRIBEG Lance,,1,
2428,0,GAY Ainsley,,1,
2429,0,SERRANO Felipe,,1,
2430,1763,KOH Dalvin,,1,
2431,0,UFITIMANA Shadrack,,1,
2432,0,FERMANELLI Marco,Vega - Vitalcare - Dynatek,1,
2433,2002,DE MOYER Kenay,Atom 6 Bikes - Cycleur de Luxe - Auto Stroo Team,1,
2434,0,DAVID Léo,UC Cholet 49,1,
2435,1411,MCFARLANE Melvin,,1,
2436,0,EL ACHKAR Nabih,,1,
2437,2278,BONNICI Mark,,1,
2438,0,BAMOUNI Pawendin Robert,,1,
2439,0,CARTY Jimmy,,1,
2440,0,POKORNÝ Ondřej,TUFO - Pardus Prostějov,1,
2441,0,HORTER Matthew,Volharding Cycling Team,1,
2442,1510,LOPES Rúben,,1,
2443,0,NAGENGAST Ruud Junior,Metec - SOLARWATT p/b Mantel,1,
2444,0,VAN VLIET Michiel,Metec - SOLARWATT p/b Mantel,1,
2445,0,VAN DER VEEN Steyn,Metec - SOLARWATT p/b Mantel,1,
2446,0,GICQUEL Gabin,Vendée U Primeo Energie,1,
2447,0,KING Matthew,Atom 6 Bikes - Cycleur de Luxe - Auto Stroo Team,1,
2448,1647,LEMPE Motlatsi,,1,
2449,1677,SÁNCHEZ Ángel,Tavfer-Ovos Matinados-Mortágua,1,
2450,0,FRAFJORD Joakim,Sandnes Sykleklubb,1,
2451,0,GYSLAND Sander,Sandnes Sykleklubb,1,
2452,0,RISA Oskar Gravdal,Sandnes Sykleklubb,1,
2453,0,FLATEBØ Marius,,1,
2454,0,PARRADO Douglas Nelson,,1,
2455,0,IZMAILOV Igor,,1,
2456,0,VENERI Raffaele,Gallina Ecotek Lucchini,1,
2457,0,ELPHINGSTONE Luke,Project Echelon Racing,1,
2458,0,THESTRUP Benjamin Kofoed,AIRTOX - Carl Ras,1,
2459,0,BROWN Jim,L39ION of Los Angeles,1,
2460,0,VANSLEMBROUCK Corneel,Dovy Keukens - FCC Cycling Team,1,
2461,0,JULLIAN Evan,Martigues Sport Cyclisme Payden-Rygel,1,
2462,0,LYSGAARD Boas,BHS - PL Beton Bornholm,1,
2463,2513,FIGUEIREDO LEME Pedro,Localiza Meoo / Swift Pro Cycling,1,
2464,0,KAMDEM FODJO Jordan,May Stars,1,
2465,0,MORLINO Luca,Solme - Olmo - Arvedi,1,
2466,1866,RIVAS Angel,,1,
2467,0,VANDENBULCKE Alex,Huansheng - Vonoa - Taishan Sport Team,1,
2468,0,BRUUN Christopher Ringkjøb,,1,
2469,0,ESTUPIÑÁN Kevin Andrés,UC Monaco,1,
2470,0,WHITE Robert Jacob,High Level-Gsport-Grupo Tormo,1,
2471,1485,SALEH Mohd Harrif,,1,
2472,0,PUURAID Joonas,BIKE AID,1,
